model	adaptor	trigger	query	result	need
engineering/product-development/design-review	ToUserDirectoryService	ReviewSubmitted	GetReviewers	ReviewerList	a submitted review needing reviewers with the right discipline to be found
engineering/project-engineering/design-review	ToIdentityService	ReviewerAssigned	GetReviewerInfo	ReviewerDetails	an assigned reviewer needing their name and discipline filled in
engineering/project-engineering/design-review	ToProjectService	SubmittalCreated	GetProjectInfo	ProjectDetails	a new submittal needing the project it belongs to
engineering/project-engineering/engineering-project	ToResourceService	TaskAdded	GetAvailableResources	ResourceAvailability	a new task needing people free to be put on it
entertainment/gaming/game-economy	ToItemCatalogService	ItemPurchased	GetStoreItems	StoreCatalog	a purchase needing the catalogue to say what was bought and for how much
entertainment/live-events/production-management	ToCrewManagement	ProductionCreated	GetAvailableCrew	AvailableCrew	hold the crew that came back free against the production, so assignment can choose from it
entertainment/live-events/production-management	ToVenueSystem	ProductionCreated	GetVenueDetails	VenueDetails	a production needing the hall's dimensions and rig before anything is planned
entertainment/live-events/ticketing	ToVenueSystem	TicketCreated	GetSeatAvailability	SeatAvailability	a ticket existing being when the seat it names must be known to be free
entertainment/media/advertising-delivery	ToAdDecisionService	ImpressionOpportunityOpened	RequestAd	AdDecision	an opportunity opening needing an ad chosen to fill it
entertainment/media/advertising-delivery	ToCampaignService	ImpressionRecorded	GetCampaign	GetCampaignResult	a recorded impression needing the campaign it should be counted against
entertainment/media/advertising-delivery	ToTargetingService	ImpressionOpportunityOpened	EvaluateTargeting	TargetingResult	an opportunity opening needing the viewer matched against the targeting rules
entertainment/media/content-management	ToRightsService	ContentSubmittedForReview	CheckRightsClearance	RightsClearance	content going to review needing its rights to be clear first
entertainment/media/streaming-platform	ToCDNService	StreamStarted	GetStreamUrl	StreamUrlResult	a stream starting needing an edge URL to play from
entertainment/media/streaming-platform	ToContinueWatchingService	StreamStarted	GetProgress	GetProgressResult	playback needing to know where the viewer left off
entertainment/media/streaming-platform	ToRecommendationService	StreamEnded	GetRecommendations	RecommendationList	a finished stream needing something to offer next
entertainment/media/streaming-platform	ToSubscriptionService	StreamStarted	CheckEntitlement	EntitlementResult	a stream starting needing the viewer to be entitled to it
entertainment/sports/athlete-management	ToLeagueRegistry	ContractSigned	GetLeagueEligibility	LeagueEligibility	a signing needing the league's word that the athlete may play
entertainment/sports/athlete-management	ToMedicalSystem	InjuryRecorded	GetMedicalHistory	MedicalHistory	a new injury needing what came before it
entertainment/sports/league-management	ToBroadcastSystem	MatchScheduled	GetBroadcastSchedule	BroadcastScheduleResult	a scheduled match being what a broadcast slot is sought for
entertainment/sports/league-management	ToVenueBooking	MatchScheduled	CheckAvailability	VenueAvailability	and what a venue must be free for
finance/banking/account-management	ToCustomerService	AccountOpened	GetCustomer	CustomerResult	a newly opened account needing the customer record behind it
finance/banking/fund-transfer	ToFXService	TransferValidated	GetExchangeRate	ExchangeQuote	a validated cross-currency transfer needing a rate before it is priced
finance/payments/payment-processing	ToMerchantService	PaymentInitiated	GetMerchant	MerchantDetails	a payment starting needing the merchant's terms and account
finance/trading/order-management	ToAccountService	OrderPlaced	GetAccountInfo	AccountInfo	a placed order needing the account's buying power behind it
government/citizen-services/benefits-administration	ToEBTCardService	PaymentIssued	GetCardBalance	CardBalanceResult	the balance mattering once money has been loaded onto the card
government/citizen-services/benefits-administration	ToIncomeVerificationService	ApplicationSubmitted	GetWageData	WageDataResult	an application needing wages verified before eligibility can be worked out
government/citizen-services/case-management	ToBenefitsIntegrationService	ServicesRequested	GetCurrentBenefits	CurrentBenefitsResult	a request for services needing what the household already receives
government/citizen-services/case-management	ToDocumentManagementService	ServicesRequested	RetrieveDocument	DocumentResult	a service request needing the documents already filed on the case
government/citizen-services/case-management	ToIncomeVerificationService	EligibilityDetermined	GetWageHistory	WageHistoryResult	a determination resting on income the wage record must corroborate
government/citizen-services/permit-management	ToContractorLicensingService	ApplicationSubmitted	VerifyLicense	LicenseVerificationResult	an application needing the contractor's licence to be current
government/citizen-services/permit-management	ToDocumentStorageService	ReviewerAssigned	RetrieveDocument	DocumentResult	a reviewer needing the documents fetched back before they can read them
government/citizen-services/permit-management	ToFeeCalculationService	ApplicationSubmitted	CalculatePermitFees	PermitFeesResult	an application needing its fees worked out from the schedule
government/citizen-services/permit-management	ToGISService	ApplicationSubmitted	GetParcelInfo	ParcelInfoResult	an application needing the parcel it names to be real
government/citizen-services/permit-management	ToGISService	ReviewerAssigned	GetZoningRequirements	ZoningRequirementsResult	a reviewer needing the zoning rules that apply to the parcel
government/citizen-services/permit-management	ToInspectionSchedulingService	InspectorAssigned	GetAvailableSlots	AvailableSlotsResult	an assigned inspector needing a slot to be booked into
government/public-safety/emergency-dispatch	ToAVLService	IncidentCreated	FindNearestUnits	NearestUnitsResult	a new incident needing the closest units to it
government/public-safety/emergency-dispatch	ToAVLService	UnitEnRoute	GetUnitLocation	UnitLocationResult	a unit en route needing its position tracked
government/public-safety/emergency-dispatch	ToE911Service	IncidentDetailsUpdated	GetCallRecording	CallRecordingResult	details being corrected needing the original call heard again
government/public-safety/emergency-dispatch	ToGISService	IncidentCreated	GetAddressFromCoordinates	AddressResult	an incident reported by position needing a street address
government/public-safety/emergency-dispatch	ToGISService	IncidentDetailsUpdated	GetCoordinatesFromAddress	CoordinatesResult	a corrected address needing coordinates to dispatch against
government/public-safety/emergency-dispatch	ToGISService	PriorityUpgraded	GetDispatchZone	DispatchZoneResult	an upgraded priority needing the zone that decides who responds
government/public-safety/emergency-dispatch	ToGISService	UnitDispatched	GetHazards	HazardsResult	a dispatched unit needing to know what is dangerous at the address
government/public-safety/emergency-dispatch	ToRMSService	IncidentCreated	GetLocationHistory	LocationHistoryResult	a new incident needing what has happened at this address before
government/public-safety/emergency-dispatch	ToRMSService	UnitArrived	GetPersonWarnings	PersonWarningsResult	a unit on scene needing warnings about who they will meet
government/public-safety/records-management	ToDMVService	InvolvedPartyAdded	GetDriverInfo	DriverInfoResult	a party added to a report needing their licence record
government/public-safety/records-management	ToDMVService	VehicleAdded	GetVehicleRegistration	VehicleRegistrationResult	a vehicle added to a report needing its registered keeper
government/public-safety/records-management	ToJailService	ArrestRecorded	GetInmateStatus	InmateStatusResult	a recorded arrest needing to know whether the person is still held
government/public-safety/records-management	ToNCICService	InvolvedPartyAdded	RunPersonCheck	PersonCheckResult	a party added to a report needing a wants-and-warrants check
government/public-safety/records-management	ToNCICService	PropertyAdded	RunPropertyCheck	PropertyCheckResult	property added to a report needing to be checked as stolen
government/public-safety/records-management	ToNCICService	VehicleAdded	RunVehicleCheck	VehicleCheckResult	a vehicle added to a report needing to be checked as stolen
government/regulatory/compliance-reporting	ToDocumentManagementService	SectionAdded	GetDocument	DocumentContent	a section needing the document it cites
government/regulatory/compliance-reporting	ToRegulatoryCalendarService	ReportCreated	GetUpcomingDeadlines	UpcomingDeadlines	a new report needing the deadline it must meet
government/regulatory/compliance-reporting	ToRegulatoryPortalService	ReportSubmitted	GetFilingStatus	FilingStatus	submission being when the portal's own view starts to matter
government/regulatory/licensing	ToBackgroundCheckService	CredentialsVerified	GetCheckStatus	CheckStatusResult	credentials clearing being when the outstanding check becomes the last thing waited on
government/regulatory/licensing	ToContinuingEducationService	ApplicationSubmitted	GetCECredits	CECreditsResult	an application needing the education credits claimed on it to be real
government/regulatory/licensing	ToExamAdministrationService	ExamResultRecorded	GetAvailableExamDates	AvailableDatesResult	a recorded result being when a resit date may be needed
healthcare/clinical/appointment-scheduling	ToPatientService	AppointmentScheduled	GetPatientInfo	PatientInfo	a scheduled appointment needing the patient's record behind the name
healthcare/clinical/appointment-scheduling	ToProviderScheduleService	AppointmentRescheduled	GetAvailability	AvailabilityResult	rescheduling needing to know when the provider is next free
healthcare/clinical/care-coordination	ToPatientService	CarePlanCreated	GetPatientConditions	PatientConditions	a new care plan needing the conditions it is meant to address
healthcare/clinical/care-coordination	ToProviderDirectoryService	ReferralCreated	FindSpecialist	SpecialistList	a referral needing a specialist who takes this patient
healthcare/clinical/clinical-encounter	ToPatientRecordService	EncounterStarted	GetPatient	PatientRecord	an encounter starting needing the chart of the person in front of you
healthcare/hospitals/admission-discharge	ToBedManagementService	AdmissionCreated	GetAvailableBeds	AvailableBedList	admission being when a bed must be found
healthcare/hospitals/admission-discharge	ToPatientRegistration	AdmissionCreated	GetPatientDemographics	PatientDemographics	and of who the patient is
healthcare/hospitals/admission-discharge	ToPatientRegistration	AdmissionCreated	GetInsuranceInfo	InsuranceInfo	admission raising the question of who pays
healthcare/hospitals/lab-orders	ToEHRIntegration	LabOrderPlaced	GetPatientOrders	PatientOrderHistory	a new order needing the patient's existing ones to avoid duplicating a draw
healthcare/hospitals/nursing-workflow	ToADTService	PatientsAssigned	GetPatientLocation	CensusList	assigned patients needing to know which beds they are in
healthcare/hospitals/nursing-workflow	ToADTService	ShiftStarted	GetUnitCensus	CensusList	a shift starting needing the unit's census for the round
healthcare/hospitals/nursing-workflow	ToMedicationAdministration	ShiftStarted	GetDueMedications	DueMedicationList	a nurse taking the floor needing to know what is due
healthcare/hospitals/nursing-workflow	ToMedicationAdministration	TaskCreated	GetMedicationHistory	AdministrationHistory	a task needing what was already given before it is given again
healthcare/hospitals/nursing-workflow	ToOrderManagement	PatientsAssigned	GetActiveOrders	OrderList	assignment being when the nurse inherits the orders standing against their patients
healthcare/hospitals/nursing-workflow	ToOrderManagement	ShiftStarted	GetOrdersByUnit	OrderList	and the unit's whole order load being what the shift is planned against
healthcare/hospitals/operating-room	ToAnesthesiaService	CaseScheduled	GetAnesthesiologistSchedule	AnesthesiologistSchedule	a scheduled case needing an anaesthetist who is free for it
healthcare/hospitals/operating-room	ToPreOpService	CaseScheduled	GetPatientClearances	PatientClearances	and a patient who has been cleared for it
healthcare/hospitals/operating-room	ToSterileSupplyService	CaseScheduled	GetInstrumentSetAvailability	InstrumentSetAvailability	and the instrument sets the procedure needs
healthcare/payer/claims-adjudication	ToAuthorizationService	ClaimSubmitted	CheckAuthorization	AuthorizationResult	a submitted claim needing the prior authorisation it relies on
healthcare/payer/claims-adjudication	ToBenefitsService	ClaimSubmitted	GetBenefits	BenefitInfo	a submitted claim needing the member's benefit design to price it
healthcare/payer/claims-adjudication	ToEligibilityService	ClaimSubmitted	CheckEligibility	EligibilityResult	a submitted claim needing the member to have been covered on the date of service
healthcare/payer/claims-adjudication	ToProviderContractService	ClaimAdjudicated	GetContractRates	ContractRates	an adjudicated claim needing the contracted rate it pays at
hospitality/events/event-registration	ToDiscountService	DiscountApplied	ValidateDiscountCode	DiscountValidation	applying a code being when it must be proved good
hospitality/events/event-registration	ToEventCatalogService	RegistrationCreated	GetEventDetails	EventDetails	a new registration needing the event's date, place and capacity
hospitality/events/event-registration	ToEventCatalogService	RegistrationTransferred	GetEvents	EventList	a transfer needing the other events it could move to
hospitality/events/event-registration	ToSessionCapacityService	SessionRegistered	CheckSessionCapacity	SessionCapacity	registering for a session being when its remaining capacity decides the answer
hospitality/events/event-registration	ToTicketAvailabilityService	RegistrationCreated	CheckAvailability	TicketAvailability	a registration being unfulfillable if no ticket is left
hospitality/events/venue-management	ToCateringService	CateringSet	GetCateringPackages	CateringPackages	choosing catering needing what the caterer actually offers
hospitality/events/venue-management	ToPricingService	BookingCreated	CalculateBookingPrice	BookingPrice	a new booking needing a price for the space and the hours
hospitality/events/venue-management	ToResourceInventoryService	BookingCreated	GetAvailableResources	AvailableResources	a booking needing to know what the venue can supply
hospitality/events/venue-management	ToSpaceAvailabilityService	BookingCreated	SearchAvailableSpaces	AvailableSpaces	and what else is free if it is not
hospitality/events/venue-management	ToSpaceAvailabilityService	BookingCreated	CheckSpaceAvailability	SpaceAvailability	and whether the space it wants is free
hospitality/food-service/catering-management	ToInventoryService	MenuItemAdded	CheckIngredientAvailability	IngredientAvailability	each item added needing its ingredients to exist
hospitality/food-service/catering-management	ToMenuCatalogService	MenuItemAdded	GetMenuItemDetails	MenuItemDetails	an item added to an order needing its recipe and allergens
hospitality/food-service/catering-management	ToMenuCatalogService	OrderCreated	GetMenuItems	MenuCatalog	a new order needing the menu it can be built from
hospitality/food-service/catering-management	ToPricingService	OrderConfirmed	CalculateOrderTotal	OrderPricing	a confirmed order needing its total before payment is taken
hospitality/food-service/catering-management	ToStaffSchedulingService	OrderConfirmed	GetAvailableStaff	AvailableStaff	a confirmed order needing people free to work it
hospitality/food-service/restaurant-operations	ToMenuService	ItemAdded	GetItemDetails	ItemDetails	an item added needing its price and its recipe
hospitality/food-service/restaurant-operations	ToMenuService	OrderCreated	GetMenuItems	MenuItems	an order starting needing the menu it is chosen from
hospitality/food-service/restaurant-operations	ToReservationService	OrderCreated	GetReservation	ReservationDetails	and the booking the table was held under
hospitality/food-service/restaurant-operations	ToTableManagementService	OrderCreated	GetAvailableTables	AvailableTables	an order arriving being when a table must be found for it
hospitality/lodging/guest-services	ToStaffDispatchService	ServiceRequestCreated	GetAvailableStaff	AvailableStaffResult	a request needing someone free to do it
hospitality/lodging/hotel-reservations	ToLoyaltyProgramService	ReservationCreated	GetMemberStatus	MemberStatus	the guest's standing deciding the rate and the room before anything is confirmed
hospitality/lodging/property-management	ToHousekeepingManagementService	RoomStatusChanged	GetHousekeepingQueue	HousekeepingQueueResult	a status change reordering the round that must be walked
hospitality/lodging/property-management	ToInventoryService	PartsAwaited	GetInventoryLevels	InventoryLevelsResult	waiting on parts needing to know what is actually in stock
hospitality/lodging/property-management	ToMaintenanceManagementService	MaintenanceReported	GetOpenWorkOrders	OpenWorkOrdersResult	a new fault needing the work already outstanding on that room
hospitality/lodging/property-management	ToQualityManagementService	RoomInspected	GetQualityMetrics	QualityMetricsResult	an inspection being judged against the standard it is held to
hospitality/lodging/property-management	ToReservationService	RoomBlocked	GetRoomReservations	RoomReservationsResult	a blocked room needing the reservations that must be moved
hospitality/lodging/property-management	ToStaffSchedulingService	WorkOrderOpened	GetScheduledStaff	ScheduledStaffResult	an opened work order needing someone on shift to take it
hospitality/lodging/reservation-system	ToLoyaltyProgramService	ReservationCreated	GetMemberTier	MemberTierResult	the guest's tier deciding the rate and the room
hospitality/lodging/reservation-system	ToRoomManagementService	ReservationCreated	GetAvailableRooms	AvailableRoomsResult	a reservation needing a room that is free for its dates
hospitality/travel/airline-reservations	ToFlightSearchService	FlightSegmentChanged	GetFlightDetails	FlightDetails	a changed segment needing the new flight's times and aircraft
hospitality/travel/airline-reservations	ToFlightSearchService	ReservationCreated	SearchFlights	FlightSearchResults	a new reservation needing flights that fit the journey
hospitality/travel/airline-reservations	ToPricingService	SeatSelected	CalculateFare	FareCalculation	a chosen seat needing the fare that goes with it
hospitality/travel/airline-reservations	ToSeatInventoryService	ReservationCreated	GetAvailableSeats	AvailableSeats	a booking needing the seat map before a seat can be chosen
hospitality/travel/car-rental	ToInsuranceProviderService	RentalCreated	GetInsuranceOptions	InsuranceOptions	a rental needing the cover it can be sold with
hospitality/travel/car-rental	ToPricingService	RentalCreated	CalculateRentalPrice	RentalPrice	a new rental needing a price for the car, the days and the extras
hospitality/travel/car-rental	ToVehicleAvailabilityService	RentalCreated	SearchAvailableVehicles	AvailableVehicles	a rental needing a vehicle free at that branch and those dates
hospitality/travel/tour-operations	ToDepartureAvailabilityService	BookingCreated	CheckAvailability	DepartureAvailability	a booking needing places left on the departure it names
hospitality/travel/tour-operations	ToGuideAssignmentService	BookingConfirmed	GetAvailableGuides	AvailableGuides	a confirmed booking needing a guide free to lead it
hospitality/travel/tour-operations	ToTourCatalogService	BookingCreated	GetTourDetails	TourDetails	a new booking needing the tour's dates, capacity and itinerary
hospitality/travel/tour-operations	ToTourCatalogService	BookingCancelled	SearchTours	TourSearchResults	a cancellation needing other tours to offer instead
insurance/property-casualty/policy-management	ToAgencyManagementService	PolicyIssued	GetAgentInfo	AgentInfo	issuance needing the producer the policy is credited to
insurance/property-casualty/policy-management	ToRatingEngineService	RenewalOffered	GetRenewalPremium	RenewalPremiumCalculation	the price for the term now being offered is what the renewal offer carries
insurance/property-casualty/policy-management	ToRatingEngineService	PolicyIssued	GetPremiumCalculation	PremiumCalculation	issuance needing the premium the policy is written at
insurance/property-casualty/policy-management	ToUnderwritingService	EndorsementAdded	GetRiskEvaluation	RiskEvaluation	an endorsement changing the risk that was priced
investment/asset-management/client-reporting	ToComplianceRegistry	ReportGenerated	GetRequiredDisclosures	RequiredDisclosures	a report needing the disclosures it is obliged to carry
investment/asset-management/client-reporting	ToMarketDataProvider	PerformanceCalculated	GetBenchmarkReturns	BenchmarkReturns	calculated performance needing a benchmark to be judged against
investment/asset-management/client-reporting	ToMarketDataProvider	PortfolioDataAttached	GetSecurityPrices	SecurityPrices	attached holdings needing prices to be valued at
investment/asset-management/client-reporting	ToPortfolioSystem	ReportComposed	GetAccountInfo	AccountInfo	a composed report needing the account it is addressed to
investment/asset-management/client-reporting	ToPortfolioSystem	ReportGenerated	GetPortfolioHoldings	PortfolioHoldings	a generated report needing the holdings it is about
investment/asset-management/client-reporting	ToPortfolioSystem	ReportApproved	GetTransactionHistory	TransactionHistory	an approved report needing the transactions behind its figures
investment/asset-management/investment-portfolio	ToMarketDataFeed	BenchmarkCompared	GetBenchmarkReturn	BenchmarkReturn	a benchmark comparison needing the benchmark's own return
investment/asset-management/investment-portfolio	ToMarketDataFeed	TradeFilled	GetSecurityPrice	SecurityPrice	a filled trade needing the market price to mark it at
investment/private-equity/portfolio-management	ToFundAdministrationService	CompanyAcquired	GetFundDetails	FundDetails	an acquisition needing the fund's terms to book it against
investment/private-equity/portfolio-management	ToLegalDocumentService	BoardMemberAppointed	GetDocuments	DocumentList	an appointment needing the constitutional papers it is made under
investment/private-equity/portfolio-management	ToMarketDataService	ValuationUpdated	GetComparableValuations	ComparableSet	an updated valuation needing comparable companies to stand on
investment/private-equity/portfolio-management	ToMarketDataService	InvestmentExited	GetPrecedentTransactions	PrecedentTransaction	an exit needing precedent deals to judge the price against
investment/private-equity/portfolio-operations	ToFinancialReportingSystem	FinancialsUpdated	GetHistoricalFinancials	HistoricalFinancials	new figures meaning nothing without the series they extend
investment/private-equity/portfolio-operations	ToFundManagementSystem	CompanyOnboarded	GetFundDetails	FundDetails	onboarding needing the fund's terms to book against
investment/private-equity/portfolio-operations	ToLegalComplianceSystem	BoardMeetingRecorded	GetComplianceStatus	ComplianceStatus	a board meeting needing the company's standing in front of it
investment/venture-capital/deal-flow	ToCompanyResearchService	DealCreated	GetCompanyInfo	CompanyResearch	a new deal needing what is publicly known about the company
investment/venture-capital/deal-flow	ToCompanyResearchService	MeetingRecorded	GetFounderBackground	FounderBackground	a meeting needing the founder's history before the room forms a view
investment/venture-capital/deal-flow	ToDocumentManagementService	DealCreated	GetDealDocuments	DealDocuments	a new deal needing whatever is already filed on the company
investment/venture-capital/deal-flow	ToMarketDataService	TermsProposed	GetComparableDeals	ComparableDeals	proposed terms needing comparable deals to be sane against
investment/venture-capital/deal-flow	ToMarketDataService	ThesisWritten	GetSectorData	SectorAnalysis	a written thesis needing the sector's own numbers behind it
investment/venture-capital/fund-administration	ToCustodianSystem	CallPaymentReceived	GetAccountBalance	AccountBalance	a receipt needing the custodian's own balance to reconcile to
investment/venture-capital/fund-administration	ToRegulatoryFiling	LpReportGenerated	GetFilingStatus	FilingStatus	a generated report needing to know what has already been filed
investment/venture-capital/fund-management	ToBankingService	CapitalCallIssued	GetAccountBalance	AccountBalance	a call needing the account it will be paid into
investment/venture-capital/fund-management	ToFundAccounting	NAVUpdated	GetFundNAV	FundNAV	the administrator's NAV being what the fund's own figure is reconciled to
investment/venture-capital/portfolio-management	ToLegalSystem	BoardSeatAssigned	GetComplianceStatus	ComplianceStatus	a board seat needing the company's standing behind it
investment/venture-capital/portfolio-management	ToMarketIntelligence	InvestmentMarkedDown	GetCompanyValuation	CompanyValuation	a markdown needing an outside valuation to justify it
investment/venture-capital/portfolio-management	ToMarketIntelligence	MetricRecorded	GetMarketTrends	MarketTrends	a recorded metric needing the trend it should be read against
logistics/fulfillment/order-fulfillment	ToCarrierSystem	OrderShipped	GetTrackingStatus	TrackingStatus	dispatch being when the carrier starts having a status worth asking for
logistics/fulfillment/order-fulfillment	ToCarrierSystem	OrderPacked	GetShipmentRates	ShipmentRates	a packed order has the weight and size a rate needs, and the rates are what the carrier is selected 
logistics/fulfillment/order-fulfillment	ToWarehouseSystem	FulfillmentOrderCreated	CheckInventoryAvailability	InventoryAvailability	an order being unfulfillable without stock
logistics/fulfillment/returns-processing	ToShippingCarrier	ShipmentRecorded	GetTrackingStatus	TrackingStatus	a recorded shipment being when the carrier has something to report
logistics/supply-chain/order-fulfillment	ToInventoryManagement	PickTasksAssigned	CheckAvailability	InventoryAvailability	assigning picks needing the stock to actually be on the shelf
logistics/supply-chain/order-fulfillment	ToShippingCarrier	PickingCompleted	GetShippingRates	ShippingRates	picking finishing being when the parcel's size and weight are settled
logistics/supply-chain/supplier-management	ToComplianceRegistry	SupplierRegistered	CheckCompliance	ComplianceResult	a new supplier being unqualified until it is checked
logistics/supply-chain/supplier-management	ToProcurementSystem	PerformanceRecorded	GetSupplierSpend	SupplierSpend	performance being judged partly on what was spent
logistics/warehousing/inventory-control	ToERPSystem	InventoryItemCreated	GetProductInfo	ProductInfo	a new item needing the master data behind it
logistics/warehousing/inventory-control	ToPurchasingSystem	CycleCountRecorded	GetPurchaseOrderStatus	PurchaseOrderStatus	a count that disagrees needing to know what is still on order
logistics/warehousing/inventory-management	ToBarcodeService	StockReceived	GetBarcode	BarcodeData	receipt being when goods must be identified to be put away
logistics/warehousing/inventory-management	ToProcurementService	CycleCountRecorded	GetPurchaseOrderStatus	PurchaseOrderStatus	a count that disagrees needing to know what is still on order
logistics/warehousing/inventory-management	ToWarehouseManagementService	StockReceived	GetSlottingRecommendation	SlottingRecommendation	arriving goods need a location decided for them, and the recommendation is where they are put away
logistics/warehousing/inventory-management	ToWarehouseManagementService	StockTransferred	GetLocationCapacity	LocationCapacity	a transfer needing room at the place it is going to
logistics/warehousing/warehouse-management	ToProductCatalogContext	InventoryReceived	GetProductDetails	ProductDetailsResult	received stock needing the catalogue's dimensions and handling rules
manufacturing/discrete/assembly-operations	ToInventoryService	AssemblyOrderCreated	CheckComponentAvailability	ComponentAvailability	an order being unstartable without its components
manufacturing/discrete/assembly-operations	ToQualityService	DefectRecorded	GetDefectCodes	DefectCodeList	a recorded defect needing the code list to be classified against
manufacturing/discrete/assembly-operations	ToQualityService	AssemblyStarted	GetInspectionPlan	InspectionPlan	an assembly starting needing the plan by which it will be inspected
manufacturing/discrete/assembly-operations	ToWorkOrderService	AssemblyOrderCreated	GetWorkOrderDetails	WorkOrderDetails	a new assembly order needing the parent work order it belongs to
manufacturing/discrete/bill-of-materials	ToCostingService	BOMReleased	GetBOMRollupCost	BOMCostRollup	a released bill needing its rolled-up cost
manufacturing/discrete/bill-of-materials	ToCostingService	ItemAdded	GetStandardCost	StandardCost	each item needing the standard it is costed at
manufacturing/discrete/bill-of-materials	ToEngineeringChangeService	ItemUpdated	GetEngineeringChange	EngineeringChange	a changed item needing the engineering change that authorised it
manufacturing/discrete/bill-of-materials	ToInventoryService	ItemAdded	GetComponentAvailability	ComponentAvailability	an added item needing to know whether the component is on hand
manufacturing/discrete/bill-of-materials	ToInventoryService	BOMReleased	GetMultipleComponentAvailability	BOMAvailabilityCheck	a released BOM needing every component checked at once
manufacturing/discrete/bill-of-materials	ToProductDataService	ItemUpdated	GetComponentInfo	ComponentInfo	an updated item needing the component master to agree
manufacturing/discrete/bill-of-materials	ToProductDataService	BOMCreated	GetProductInfo	ProductInfo	a new BOM needing the product it builds
manufacturing/discrete/work-order-management	ToBillOfMaterialsService	WorkOrderCreated	GetBOM	BillOfMaterials	a new work order needing the parts list it will consume
manufacturing/discrete/work-order-management	ToEquipmentService	WorkOrderReleased	GetEquipmentStatus	EquipmentStatus	release needing the machine to be fit to run
manufacturing/discrete/work-order-management	ToQualityManagementService	OperationCompleted	GetInspectionPlan	InspectionPlan	a completed operation needing the plan it is inspected against
manufacturing/discrete/work-order-management	ToRoutingService	WorkOrderReleased	GetRouting	ManufacturingRouting	a released work order needing the sequence of operations to run
manufacturing/discrete/work-order-management	ToSchedulingService	WorkOrderCreated	GetWorkCenterLoad	WorkCenterLoad	a new order needing to know how loaded the centre already is
manufacturing/machining/cnc-operations	ToMaintenanceService	CycleCompleted	GetPMSchedule	PMSchedule	each cycle bringing the machine nearer its service interval
manufacturing/machining/cnc-operations	ToQualityService	MachineSetup	GetSPCLimits	SPCLimits	setup being when the limits a run is judged against must be loaded
manufacturing/machining/cnc-operations	ToToolManagementService	ProgramLoaded	GetToolLife	ToolLifeStatus	a loaded program needing the tools it calls for to have life left
manufacturing/machining/cnc-operations	ToToolManagementService	MachineSetup	GetToolOffsets	ToolOffsets	setup needing the offsets the tools actually carry
manufacturing/machining/precision-manufacturing	ToCMMIntegration	InspectionPlanUpdated	GetCMMPrograms	CMMProgramList	a changed plan needing the programs available to run it
manufacturing/machining/precision-manufacturing	ToCMMIntegration	CMMResultRecorded	GetCMMStatus	CMMStatus	a result arriving being when the machine's own state matters
manufacturing/machining/precision-manufacturing	ToCertificationService	InspectionPlanCreated	GetComplianceStandards	ComplianceStandards	and which standards it is written against
manufacturing/machining/precision-manufacturing	ToCertificationService	InspectionPlanCreated	GetCertificateRequirements	CertificateRequirements	the plan needing to know what the certificate will have to show
manufacturing/machining/precision-manufacturing	ToGageCalibrationService	InspectionPlanCreated	GetCalibrationsDue	CalibrationsDueList	and whether the gauges it names are still in date
manufacturing/machining/precision-manufacturing	ToGageCalibrationService	MeasurementRecorded	GetGageCalibration	GageCalibrationStatus	each measurement being only as good as the gauge that took it
manufacturing/maintenance/asset-lifecycle	ToFinancialSystem	ValuationUpdated	GetAssetFinancials	AssetFinancials	a revaluation needing what the ledger currently carries
manufacturing/maintenance/asset-lifecycle	ToMaintenanceSystem	AssetInstalled	GetUpcomingMaintenance	UpcomingMaintenanceResult	installation being when the service calendar starts
manufacturing/maintenance/asset-lifecycle	ToMaintenanceSystem	MaintenanceRecorded	GetMaintenanceHistory	MaintenanceHistoryResult	a new record needing what came before it
manufacturing/maintenance/asset-lifecycle	ToProcurementService	AssetRegistered	GetPurchaseOrder	PurchaseOrderDetails	registration needing the order the asset arrived on
manufacturing/maintenance/asset-lifecycle	ToProcurementService	AssetTransferred	GetVendorInfo	VendorInfo	a transfer needing to know who supplied it
manufacturing/process/batch-processing	ToInventoryService	IngredientCharged	GetMaterialLot	MaterialLotDetails	charging an ingredient needing the lot it came from
manufacturing/process/batch-processing	ToLaboratoryService	BatchCompleted	GetCertificateOfAnalysis	CertificateOfAnalysis	a finished batch needing the analysis that releases it
manufacturing/process/batch-processing	ToRecipeManagement	BatchCreated	GetRecipe	RecipeDetails	a new batch needing the recipe it will be made to
manufacturing/process/batch-processing	ToRecipeManagement	BatchRejected	GetRecipeVersions	RecipeVersionList	a rejected batch needing to know which recipe version made it
manufacturing/process/quality-control	ToCAPAService	InspectionCreated	GetOpenCAPAsForProduct	OpenCAPAs	and an inspection needing the product's open actions before it starts
manufacturing/process/quality-control	ToCAPAService	NCRInitiated	GetCAPAStatus	OpenCAPAs	a non-conformance needing to know what corrective action is already open
manufacturing/process/quality-control	ToLaboratoryInformationSystem	InspectionCreated	GetLabCapacity	LabCapacity	an inspection being unschedulable without knowing the lab can take it
manufacturing/process/quality-control	ToLaboratoryInformationSystem	TestResultRecorded	GetTestMethodDetails	TestMethodDetails	a result meaning nothing without the method that produced it
manufacturing/process/quality-control	ToProductionService	SampleCollected	GetLotDetails	LotDetails	a sample being meaningless without the lot it came from
manufacturing/process/quality-control	ToProductionService	InspectionRejected	GetRelatedLots	RelatedLots	a rejection needing the lots that share its cause
manufacturing/textiles/apparel-manufacturing	ToFabricInventory	CutOrderCreated	GetAvailableFabric	AvailableFabricRolls	a cut order needing fabric that exists before it is planned
manufacturing/textiles/apparel-manufacturing	ToFabricInventory	MarkerGenerated	GetFabricRoll	AvailableFabricRolls	the marker needing the roll's actual width and length
manufacturing/textiles/apparel-manufacturing	ToMachineMaintenance	SewingCompleted	GetMachineStatus	MachineStatusResult	a completed sewing run being when the line's condition is worth checking
manufacturing/textiles/apparel-manufacturing	ToOrderManagement	CutOrderCreated	GetSalesOrder	SalesOrderInfo	and the sales order it is cut against
manufacturing/textiles/apparel-manufacturing	ToStyleMaster	BundlesCreated	GetOperationSequence	OperationSequenceResult	bundles needing the operation sequence they will move through
manufacturing/textiles/apparel-manufacturing	ToStyleMaster	CutOrderCreated	GetStyleSpec	StyleSpecResult	a new cut order needing the style it is cutting to
manufacturing/textiles/apparel-manufacturing	ToStyleMaster	TrimmingCompleted	GetTrimRequirements	TrimRequirementsResult	finished trimming needing the requirements to be checked against
manufacturing/textiles/apparel-manufacturing	ToTrimInventory	BundlesCreated	GetTrimAvailability	TrimAvailabilityResult	bundles being unsewable without their trims
manufacturing/textiles/apparel-manufacturing	ToTrimInventory	BundleAssigned	GetTrimItem	TrimItemInfo	and each assignment needing the trim's own specification
manufacturing/textiles/fabric-production	ToCustomerOrderService	FabricLotCreated	GetFabricOrder	FabricOrder	a lot needing the order that called for it
manufacturing/textiles/fabric-production	ToDyeChemicalInventory	DyeingStarted	GetDyeInfo	DyeInfo	dyeing needing the dye's own recipe
manufacturing/textiles/fabric-production	ToDyeChemicalInventory	FinishingApplied	GetChemicalInfo	ChemicalInfo	a finish needing the chemistry it is applied with
manufacturing/textiles/fabric-production	ToYarnInventory	WarpingStarted	GetYarnLotInfo	YarnLotInfo	warping needing the yarn lot's count and strength
marketing/advertising/ad-operations	ToAdExchange	PerformanceRecorded	GetBidResults	BidResults	recorded performance needing the exchange's own bid outcomes
marketing/advertising/ad-operations	ToCreativeAssetStore	CampaignSubmitted	GetCreativeAsset	CreativeAssetResult	submission needing the creative pulled back for review
marketing/advertising/ad-serving	ToAdExchange	AdActivated	GetBidRequest	BidRequest	an active ad needing the requests it may bid on
marketing/advertising/ad-serving	ToAdVerification	ImpressionRecorded	GetVerification	VerificationResult	an impression being worth paying for only if independently verified
marketing/advertising/ad-serving	ToDataManagementPlatform	TargetingUpdated	GetAudienceSegments	AudienceSegments	changed targeting needing the segments it can actually address
marketing/advertising/media-buying	ToAnalyticsPlatform	OrderCompleted	GetCampaignROI	CampaignROI	a completed buy being when its return can finally be judged
marketing/advertising/media-buying	ToMediaVendor	MediaOrderCreated	GetAvailableInventory	AvailableInventory	an order needing to know what the vendor has left to sell
marketing/analytics/attribution	ToCRMSystem	ConversionRecorded	GetCustomerJourney	CustomerJourneyData	a conversion needing the journey the CRM already holds
marketing/analytics/attribution	ToWebAnalytics	ConversionPathCreated	GetPageViews	PageViewData	a new path needing the page views it is assembled from
marketing/analytics/audience-management	ToAdPlatform	SegmentActivated	GetChannelReach	ChannelReach	activation being when the segment's reach decides where to spend
marketing/analytics/audience-management	ToDataManagementPlatform	SegmentBuildStarted	GetCustomerProfiles	CustomerProfiles	a build needing the profiles it selects over
marketing/analytics/marketing-analytics	ToAdPlatform	ChannelMetricsAdded	GetAudienceInsights	AudienceInsights	channel metrics needing the audience behind them
marketing/analytics/marketing-analytics	ToAdPlatform	CampaignPerformanceAdded	GetCampaignData	CampaignData	campaign performance needing the platform's own spend and delivery
marketing/analytics/marketing-analytics	ToCRMSystem	AttributionResultsAdded	GetConversionData	ConversionRecords	attribution needing the conversions it assigns credit for
marketing/analytics/marketing-analytics	ToCRMSystem	ReportCreated	GetCustomerSegments	CustomerSegments	a new report needing the segments it will break results down by
marketing/analytics/marketing-analytics	ToWebAnalytics	ReportCompleted	GetGoalCompletions	GoalCompletions	a completed report needing goal completions to close the funnel
marketing/analytics/marketing-analytics	ToWebAnalytics	ReportGenerationStarted	GetTrafficData	TrafficData	a report starting needing the traffic it is built on
marketing/campaigns/marketing-automation	ToCRMSystem	LeadEnrolled	GetLeadInfo	LeadInfo	a lead entering a workflow needing the CRM's picture of who they are
marketing/campaigns/marketing-automation	ToCRMSystem	WorkflowActivated	GetSegmentMembers	SegmentMembers	an activated workflow needing the roster of the segment it targets
marketing/campaigns/marketing-automation	ToEmailDelivery	WorkflowCompleted	GetDeliveryStatus	DeliveryStatus	a completed workflow needing to know which of its mails actually arrived
natural-resources/agriculture/crop-management	ToEquipmentTracking	FieldPrepared	GetEquipmentLocation	EquipmentLocation	a prepared field needing to know where the machinery is
natural-resources/agriculture/crop-management	ToMarketPrices	HarvestCompleted	GetCropPrices	CropPriceInfo	a completed harvest needing the price it can be sold at
natural-resources/agriculture/crop-management	ToWeatherService	CropPlanted	GetForecast	WeatherForecast	a planted crop needing the forecast for the days that decide it
natural-resources/agriculture/crop-management	ToWeatherService	ScoutingRecorded	GetHistoricalWeather	HistoricalWeather	a scouting record needing the weather that explains what was seen
natural-resources/agriculture/farm-management	ToMarketPricing	HarvestRecorded	GetCropPrice	CropPrice	a recorded harvest needing today's price to value it
natural-resources/agriculture/farm-management	ToMarketPricing	HarvestPlanned	GetPriceForecast	PriceForecast	a planned harvest needing where prices are heading
natural-resources/agriculture/farm-management	ToWeatherService	IrrigationScheduled	GetForecast	WeatherForecast	scheduled irrigation needing the forecast that may make it pointless
natural-resources/agriculture/farm-management	ToWeatherService	SoilReadingRecorded	GetHistoricalWeather	HistoricalWeather	a soil reading needing the rain that came before it
natural-resources/agriculture/livestock-management	ToMarketExchange	AnimalSold	GetMarketPrices	MarketPrices	a sale needing the day's price to value it against
natural-resources/agriculture/livestock-management	ToVeterinarySystem	VetVisitRecorded	GetVaccinationHistory	VaccinationHistory	a vet visit needing what the animal has already been given
natural-resources/forestry/harvest-planning	ToContractorRegistry	HarvestScheduled	FindAvailableContractors	AvailableContractors	a scheduled harvest needing crews free on those dates
natural-resources/forestry/harvest-planning	ToEnvironmentalAgency	BlockDelineated	GetSpeciesAtRisk	SpeciesAtRiskReport	a newly drawn block needing to know what lives inside it
natural-resources/forestry/log-tracking	ToRegulatorySystem	LogRegistered	VerifyPermit	PermitVerification	registration needing the cutting permit to be real before the log moves
natural-resources/forestry/log-tracking	ToSawmillSystem	LogScaled	GetMillCapacity	MillCapacity	a scaled log needing a mill with room for the volume it turned out to be
natural-resources/forestry/log-tracking	ToTransportSystem	LogInTransit	GetTransportStatus	TransportStatus	a log in transit needing the carrier's own account of where it is
natural-resources/forestry/timber-management	ToLoggingContractor	TimberSaleRecorded	GetCrewAvailability	CrewAvailability	a sale committing volume that needs crews able to cut it
natural-resources/forestry/timber-management	ToNurserySupplier	HarvestCompleted	GetSeedlingAvailability	SeedlingAvailability	a finished harvest needing seedlings for the ground it opened up
natural-resources/forestry/timber-management	ToTimberBuyer	CruiseRecorded	GetCurrentPrices	TimberPrices	a cruise putting a volume on the stand that needs a price to be worth anything
natural-resources/mining/mine-operations	ToEnvironmentalComplianceService	ZoneCreated	GetPermitRequirements	PermitRequirements	a new zone needing to know what it must be permitted for
natural-resources/mining/mine-operations	ToEquipmentManagementService	DrillingStarted	GetEquipmentStatus	EquipmentStatus	drilling needing the rigs it depends on to be fit
natural-resources/mining/mine-operations	ToGeologicalSurveyService	ZoneSurveyed	GetOreBodyModel	OreBodyModel	a surveyed zone needing the geologist's model to compare against
natural-resources/mining/mineral-tracking	ToAssayLaboratory	GradeReconciled	GetAssayHistory	AssayHistory	reconciling grade needing every assay the lab has run on the batch
natural-resources/mining/mineral-tracking	ToSmelterSystem	ShippedToSmelter	GetDeliveryStatus	DeliveryStatus	a shipment needing the smelter's own view of whether it arrived
natural-resources/oil-gas/pipeline-operations	ToRegulatoryPortal	ComplianceReportFiled	GetComplianceStatus	ComplianceStatus	a filed report needing the regulator's standing on the segment
natural-resources/oil-gas/pipeline-operations	ToSCADASystem	FlowReadingRecorded	GetLiveReadings	LiveReadings	a recorded flow needing the live instrument picture around it
natural-resources/oil-gas/well-management	ToLandManagement	WellPlanned	GetLeaseInfo	LeaseInfo	a planned well needing the lease that permits it
natural-resources/oil-gas/well-management	ToSCADA	ProductionRecorded	GetWellTelemetry	WellTelemetry	recorded production needing the instrument readings behind the number
professional-services/accounting/audit-management	ToDocumentManagement	WorkpaperAdded	RetrieveDocument	DocumentContent	a workpaper being unreviewable without the document behind it
professional-services/accounting/audit-management	ToRegulatoryFiling	EngagementClosed	GetFilingStatus	FilingStatus	closing an engagement needing the filing it supports to have been accepted
professional-services/accounting/client-accounting	ToBankFeedService	AccountReconciled	GetTransactions	BankTransactionsResult	a reconciliation needing the bank's own transaction list
professional-services/accounting/client-accounting	ToDocumentStorageService	FinancialsReviewed	RetrieveDocument	DocumentResult	a review needing the source documents behind the numbers
professional-services/accounting/client-accounting	ToTaxService	InvoiceGenerated	GetTaxRates	TaxRatesResult	an invoice needing the rates that apply where the client sits
professional-services/hr-services/benefits-administration	ToInsuranceCarrier	PlanSelected	GetPlanDetails	PlanDetails	a selected plan needing the carrier's terms for it
professional-services/hr-services/benefits-administration	ToPayrollSystem	EnrollmentSubmitted	GetEmployeeCompensation	EmployeeCompensation	a submitted enrollment needing the pay its contributions are figured from
professional-services/hr-services/payroll-processing	ToHRISSystem	PayrollInitiated	GetEmployeeList	EmployeeList	a payroll run needing everyone who should be paid in it
professional-services/hr-services/payroll-processing	ToHRISSystem	PayrollCalculated	GetEmployeePayInfo	EmployeePayInfo	a calculated payroll needing each person's rate and standing deductions
professional-services/hr-services/payroll-processing	ToTaxService	PayrollCalculated	GetTaxCalculation	TaxCalculation	gross pay being what withholding is computed from
professional-services/hr-services/payroll-processing	ToTimeTracking	TimeEntryAdded	GetTimeEntries	TimeEntries	a time entry needing the tracked hours it should match
professional-services/hr-services/recruiting	ToBackgroundCheckService	OfferExtended	GetCheckStatus	CheckStatus	an extended offer needing the check to have cleared before it can be honoured
professional-services/hr-services/recruiting	ToJobBoardIntegration	RequisitionApproved	GetApplicationsFromBoard	BoardApplications	approval being when the role is live and applications start arriving
professional-services/legal/contract-lifecycle	ToDocumentRepository	ContractSubmittedForReview	GetDocument	DocumentContent	a review needing the text of the document it is about
professional-services/legal/contract-lifecycle	ToDocumentRepository	RedlineSubmitted	ListVersions	VersionList	a redline needing the version history it is marked against
professional-services/legal/contract-lifecycle	ToESignatureService	SignatureRecorded	GetEnvelopeStatus	EnvelopeStatus	a recorded signature needing the envelope's own account of who has signed
professional-services/legal/matter-management	ToCourtFilingSystem	MatterActivated	GetFilingDeadlines	FilingDeadlines	an activated matter needing the court's dates before anything can be scheduled
professional-services/legal/matter-management	ToTimekeepingSystem	MatterClosed	GetMatterBillingSummary	MatterBillingSummary	closing being when what the matter cost must be totalled
technology/devops/ci-cd-pipeline	ToArtifactStorageService	DeploymentApproved	DownloadArtifact	ArtifactDownloadUrl	an approved deployment needing the artifact it will actually ship
technology/devops/incident-management	ToPagerDutyIntegration	IncidentCreated	GetCurrentOnCall	OnCallResult	
technology/devops/infrastructure-as-code	ToCloudProviderService	DriftDetected	GetResourceState	ResourceCurrentState	drift being the claim that reality and the plan differ, which only the provider can settle
technology/devops/infrastructure-as-code	ToModuleRegistryService	StackCreated	GetModule	ModuleBundle	a new stack needing the module it is composed from
technology/devops/infrastructure-as-code	ToModuleRegistryService	PlanGenerated	ListModuleVersions	ModuleVersionList	a plan needing to know which module versions it could pin
technology/devops/infrastructure-as-code	ToSecretManagerService	StackApplyStarted	GetSecret	SecretValue	an apply needing the credentials it will authenticate with
technology/devops/infrastructure-as-code	ToStateBackendService	StackApplyStarted	LoadState	StateData	an apply needing the state it is diffing against
technology/devops/observability	ToDashboardService	AlertCreated	GetDashboard	DashboardConfig	a new alert needing the dashboard a responder will be sent to
technology/devops/observability	ToDistributedTracingService	AlertAcknowledged	GetTrace	TraceSearchResult	an acknowledged alert needing the one trace that shows the failure
technology/devops/observability	ToDistributedTracingService	AlertEscalated	SearchTraces	TraceSearchResult	an escalation needing the traces around the window that went wrong
technology/devops/observability	ToLogAggregationService	AlertAcknowledged	SearchLogs	LogSearchResult	an acknowledged alert needing the logs from the window it covers
technology/devops/observability	ToMetricsCollectionService	AlertResolved	QueryMetrics	MetricQueryResult	a resolved alert needing the metrics that show it really recovered
technology/saas/subscription-management	ToUsageMeteringService	SubscriptionRenewed	GetUsage	UsageData	a renewal needing the usage the period is billed on
technology/saas/tenant-provisioning	ToMonitoringService	ResourceScaled	GetTenantMetrics	TenantMetrics	a scaling decision needing what the tenant is actually consuming
technology/saas/usage-metering	ToBillingService	MeterClosed	GetInvoiceStatus	InvoiceStatusResult	closing a meter needing to know whether what it produced has been invoiced
technology/saas/usage-metering	ToEventIngestionService	BatchEventsRecorded	GetIngestionStats	IngestionStatsResult	a batch recorded needing ingestion's own count to reconcile against
technology/saas/usage-metering	ToSubscriptionService	MeterCreated	GetSubscriptionDetails	SubscriptionDetailsResult	a new meter needing the subscription that decides what it may measure
telecommunications/billing/revenue-assurance	ToBillingSystem	AuditCaseOpened	GetBillingRecords	BillingRecordsResult	an opened case needing the billing records it will be reconciled against
telecommunications/billing/revenue-assurance	ToNetworkUsageSystem	DiscrepancyRecorded	GetUnbilledServices	UnbilledServicesResult	a recorded discrepancy needing the services the network carried but billing never saw
telecommunications/billing/revenue-assurance	ToNetworkUsageSystem	RecordsReconciled	GetUsageRecords	UsageRecordsResult	a reconciliation needing the network's own usage records
telecommunications/billing/usage-rating	ToBillingSystem	UsageRecordValidated	GetAccountRatePlan	AccountRatePlan	a validated record needing the plan its charges will be figured from
telecommunications/billing/usage-rating	ToNetworkMediationSystem	UsageRecordRejected	GetMediationStatus	MediationStatus	a rejected record needing mediation's account of what it sent
telecommunications/customer/subscriber-management	ToBillingSystem	SupportTicketCreated	GetAccountBalance	AccountBalance	an agent needing what the subscriber owes before they talk
telecommunications/customer/subscriber-management	ToCRMSystem	SupportTicketCreated	GetCustomerHistory	CustomerHistory	and what has happened to them before
telecommunications/network/equipment-inventory	ToNetworkManagementSystem	EquipmentAllocated	GetNetworkTopology	NetworkTopology	an allocation needing to know where in the network the item is going
telecommunications/network/equipment-inventory	ToProcurementSystem	EquipmentReceived	GetVendorCatalog	VendorCatalog	a received item needing the catalogue entry to check it against
telecommunications/network/network-operations	ToCapacityPlanningSystem	IncidentEscalated	GetCapacityForecast	CapacityForecast	an escalation needing to know whether capacity was always going to run out
telecommunications/network/network-operations	ToNetworkMonitoringSystem	IncidentCreated	GetElementHealth	ElementHealthStatus	a new incident needing the health of the element it names
telecommunications/network/service-provisioning	ToNetworkElementManager	ServiceTested	GetElementStatus	ElementStatus	a test needing the element's own account of whether it is up
telecommunications/network/service-provisioning	ToNetworkInventorySystem	OrderValidated	GetAvailableResources	AvailableResources	a validated order needing free capacity before it can be designed
transportation/fleet/fleet-management	ToDriverManagementService	DriverUnassigned	GetAvailableDrivers	AvailableDrivers	a vehicle left without a driver needing to know who is free
transportation/fleet/fleet-management	ToDriverManagementService	DriverAssigned	GetDriverInfo	DriverDetails	an assignment needing the licence and record of the person taking the wheel
transportation/fleet/fleet-management	ToInsuranceService	VehicleRegistered	GetVehicleCoverage	VehicleCoverage	a newly registered vehicle needing the cover that applies to it
transportation/fleet/fleet-management	ToMaintenanceServiceProvider	MaintenanceReminderRaised	GetAvailableSlots	AvailableSlots	a raised reminder needing a slot before it can be booked
transportation/fleet/route-optimization	ToGeocodingService	StopAdded	GeocodeAddress	GeocodedLocation	an added stop needing its address turned into coordinates
transportation/fleet/route-optimization	ToGeocodingService	ArrivedAtStop	ReverseGeocode	AddressResult	an arrival needing the position turned back into an address
transportation/fleet/route-optimization	ToRoutingEngineService	RouteOptimized	CalculateRoute	DrivingRoute	an optimised route needing the driving path that realises it
transportation/fleet/route-optimization	ToRoutingEngineService	StopsReordered	GetDistanceMatrix	DistanceMatrix	reordered stops needing the distances between every pair
transportation/fleet/route-optimization	ToTrafficService	RouteStarted	GetTrafficConditions	TrafficConditions	a route starting needing the traffic it will actually meet
transportation/freight/customs-brokerage	ToCBPAceService	ReleaseRequested	GetEntryStatus	EntryStatusResult	release being pursued only against a known entry status
transportation/freight/customs-brokerage	ToDocumentManagementService	InquiryResponseSubmitted	GetDocument	DocumentResult	an inquiry response needing the document CBP asked about
transportation/freight/customs-brokerage	ToHTSClassificationService	EntryCreated	ClassifyProduct	ClassificationResult	a new entry needing each product's tariff classification
transportation/freight/customs-brokerage	ToHTSClassificationService	ProtestFiled	GetRuling	RulingResult	a protest needing the binding ruling it will argue from
transportation/freight/customs-brokerage	ToTradeAgreementService	EntryCreated	CheckEligibility	EligibilityResult	a new entry needing to know which agreement it can claim
transportation/freight/customs-brokerage	ToTradeAgreementService	DocumentAttached	GetCertificateRequirements	CertificateRequirementsResult	an attached document needing the certificate rules it must satisfy
transportation/freight/freight-forwarding	ToAirCarrierService	PickupScheduled	GetFlights	FlightResult	a scheduled pickup needing flights that can take the freight onward
transportation/freight/freight-forwarding	ToContainerTrackingService	ContainerSealUpdated	TrackContainer	ContainerTrackingResult	a resealed container needing the carrier's own track on it
transportation/freight/freight-forwarding	ToOceanCarrierService	ShipmentCreated	GetSchedules	ScheduleResult	a new shipment needing sailings it could be booked onto
transportation/freight/freight-forwarding	ToRatingService	ContainersAssigned	GetRates	RatesResult	assigned containers needing rates for the volume they come to
transportation/freight/intermodal	ToChassisPoolService	DestinationDrayScheduled	GetChassisAvailability	ChassisAvailabilityResult	a destination dray needing a chassis at the far terminal
transportation/freight/intermodal	ToIntermodalRatingService	MoveCreated	GetRates	RatesResult	a new move needing a rate for the rail and dray legs together
transportation/freight/intermodal	ToRailCarrierService	TerminalIngateRecorded	GetAvailability	AvailabilityResult	a box through the gate needing a train with room for it
transportation/maritime/port-operations	ToPilotCoordinationService	BerthRequested	GetAvailablePilots	AvailablePilotsResult	a berth request needing a pilot free for the window
transportation/maritime/port-operations	ToTerminalOperatingSystem	CargoOperationsStarted	GetYardCapacity	YardCapacityResult	cargo work starting needing somewhere in the yard for what comes off
transportation/maritime/port-operations	ToTowageService	VesselArrived	GetAvailableTugs	AvailableTugsResult	an arriving vessel needing tugs free to bring it in
transportation/maritime/port-operations	ToVesselTrafficService	BerthRequested	GetVesselPosition	VesselPositionResult	a berth request needing to know where the vessel actually is
transportation/maritime/vessel-management	ToAISService	PositionUpdated	GetVesselAIS	VesselAISResult	a position report needing AIS to confirm it
transportation/maritime/vessel-management	ToBunkerSupplierService	PortArrivalRecorded	GetBunkerAvailability	BunkerAvailabilityResult	an arrival needing to know what fuel the port can supply
transportation/maritime/vessel-management	ToCharterPartyService	VoyageCreated	GetCharterParty	CharterPartyResult	a new voyage needing the charter that governs it
transportation/maritime/vessel-management	ToClassificationSocietyService	CertificateRenewed	GetCertificateStatus	CertificateStatusResult	a renewed certificate needing the society to have actually issued it
transportation/maritime/vessel-management	ToCrewManagementService	VoyageCreated	GetAvailableCrew	AvailableCrewResult	a new voyage needing crew able to sail it
transportation/maritime/vessel-management	ToWeatherService	VoyageCreated	GetRouteWeather	RouteWeatherResult	a new voyage needing the weather along the track it will sail
transportation/maritime/vessel-management	ToWeatherService	PortDepartureRecorded	GetWeatherForecast	RouteWeatherResult	a departure needing the forecast for the first days out
transportation/passenger/ride-sharing	ToDriverMatchingService	RideRequested	GetAvailableDrivers	AvailableDrivers	a request being unmatchable without drivers near enough to take it
transportation/passenger/ride-sharing	ToFareCalculationService	RideRequested	GetFareCalculation	FareCalculation	and a rider being owed a price before they commit
transportation/passenger/ride-sharing	ToFareCalculationService	TripCompleted	GetFinalFare	FinalFare	the trip actually taken is what is finally charged, and the fare is what the ride charges
transportation/passenger/ride-sharing	ToRoutingService	DriverIsEnRoute	GetETA	ETAResult	a driver en route needing an arrival time to show the rider
transportation/passenger/ride-sharing	ToRoutingService	TripStarted	GetRoute	RouteResult	a trip starting needing the path to the destination
transportation/passenger/transit-operations	ToCADService	TripAssigned	GetActiveVehicles	ActiveVehiclesResult	assigning a trip needing to know which vehicles are actually running
transportation/passenger/transit-operations	ToFareCollectionService	TripCompleted	GetVehicleFareTotal	VehicleFareTotalResult	a completed trip needing the fares taken on it
transportation/passenger/transit-operations	ToMaintenanceService	TripAssigned	GetVehicleMaintenanceStatus	MaintenanceStatusResult	a trip assignment needing the vehicle to be fit to run it
transportation/passenger/transit-operations	ToScheduleService	StopEventRecorded	GetStopTimes	StopTimesResult	a stop event needing the scheduled time to measure lateness against
transportation/passenger/transit-operations	ToScheduleService	TripAssigned	GetTodaySchedule	ScheduleResult	an assigned trip needing today's schedule it must run to
utilities/electric/grid-operations	ToEnergyMarketSystem	SwitchingExecuted	GetMarketPrices	MarketPrices	a switching action needing the price of the energy it moves
utilities/electric/grid-operations	ToOutageManagementSystem	ServiceRestored	GetOutageStatus	OutageStatusInfo	a restoration needing the outage system's own account of what is still dark
utilities/electric/grid-operations	ToSCADASystem	SwitchingExecuted	GetRealTimeData	RealTimeData	switching needing live telemetry to confirm the network followed
utilities/electric/outage-management	ToCrewDispatchSystem	OutageConfirmed	GetAvailableCrews	AvailableCrews	a confirmed outage needing a crew who can be sent
utilities/electric/outage-management	ToSCADASystem	OutageReported	GetFeederStatus	FeederStatus	a reported outage needing the feeder's own state before a crew is sent
utilities/gas/gas-distribution	ToPipelineSCADA	LeakReported	GetRealtimePressure	RealtimePressure	a reported leak needing live pressure to locate and size it
utilities/metering/billing-settlement	ToEnergySupplierGateway	UsageCalculated	GetSupplierRates	SupplierRates	calculated usage needing the supplier's rates to turn into money
utilities/metering/billing-settlement	ToMeterDataSystem	BillDisputed	GetMeterReadings	MeterReadings	a disputed bill needing the readings it was built from
utilities/metering/smart-metering	ToHeadEndSystem	AlertRaised	GetMeterStatus	MeterStatusResult	an alert needing the head-end's own view of the meter
utilities/metering/smart-metering	ToMeterDataManagement	ReadingRecorded	GetValidation	ValidationResult	a reading being unbillable until it is validated
utilities/water/water-utility	ToRegulatoryReporting	SystemRegistered	GetComplianceRequirements	ComplianceRequirements	a newly registered system needing the rules it will be held to
utilities/water/water-utility	ToSCADASystem	AlertRaised	GetSensorReadings	SensorReadings	a raised alert needing the sensor readings behind it
