0	Review.AssignReviewer	assignment=prompt("an assignment of one of askAnswer.availableReviewers with the discipline the review needs")	
1	+Submittal.RecordReviewerDetails	reviewerId:ReviewerId=askAnswer.reviewerId;name:String(1,200)=askAnswer.name;discipline:DesignDiscipline=askAnswer.discipline	
2	Submittal.UpdateSubmittal	info=prompt("the submittal's info with askAnswer.projectId and askAnswer.name filled in")	
3	Project.AssignResource	allocation=prompt("an allocation of one of askAnswer.availableResources to the task just added")	
4	Wallet.AddItem	item=prompt("the item among askAnswer.storeItems that itemPurchased.item names")	
5	Production.AssignCrew	assignment=prompt("an assignment drawn from askAnswer.crewMembers")	
6	+Production.RecordVenueDetails	venueId:VenueId=askAnswer.venueId;capacity:Natural=askAnswer.capacity;stageSpecs:String(3,500)=askAnswer.stageSpecs	
7	Ticket.CancelTicket	cancellationReason=prompt("the seat is not among askAnswer.availableSeats")	guard=ticketCreated.seatInfo is not among askAnswer.availableSeats
8	AdImpression.RecordImpression	adUnit=askAnswer.selectedAdUnit,placement=impressionOpportunityOpened.placement,viewer=impressionOpportunityOpened.viewer	guard=not askAnswer.noFill
9	+AdImpression.AttributeToCampaign	campaignId:CampaignId=askAnswer.campaignId	
10	+AdImpression.RecordTargetingOutcome	matches:Boolean=askAnswer.matches;score:Decimal(5,4)=askAnswer.score	
11	Content.RejectContent	rejectedBy=prompt("the rights service, acting for the review"),reason=prompt("the restrictions in askAnswer that block clearance")	guard=not askAnswer.cleared
12	+Stream.RecordStreamUrl	streamUrl:URL("https")=askAnswer.streamUrl;expiresAt:TimeStamp=askAnswer.expiresAt	
13	Stream.SeekPosition	position=prompt("the position askAnswer says the viewer left off at")	
14	+Stream.RecordRecommendations	recommendations:Recommendation+=askAnswer.recommendations	
15	Stream.EndStream	finalPosition=prompt("zero: nothing was watched"),reason=askAnswer.denialReason	guard=not askAnswer.entitled
16	Athlete.SuspendAthlete	reason=prompt("the league's restrictions in askAnswer"),suspendedUntil=prompt("until the league lifts them")	guard=not askAnswer.eligible
17	+Athlete.RecordMedicalHistory	reports:String(1,2000)+=askAnswer.reports;clearanceStatus:String(1,50)=askAnswer.clearanceStatus	
18	+Season.RecordBroadcastSlot	matchId:MatchId=matchScheduled.matchId;channels:String(3,100)+=askAnswer.channels	
19	+Season.RecordVenueAvailability	matchId:MatchId=matchScheduled.matchId;venueId:VenueId=askAnswer.venueId;available:Boolean=askAnswer.available	
20	Account.UpdateAccountInfo	info=prompt("the account's info with askAnswer.customerName filled in")	
21	Transfer.ApplyExchangeRate	exchangeRate=askAnswer.quotedRate	
22	Payment.AuthorizePayment	info=prompt("the payment's info with the merchant terms askAnswer carries"),card=paymentInitiated.card	
23	TradingOrder.RejectOrder	rejection=prompt("a rejection for buying power askAnswer.buyingPower short of the order's value")	guard=askAnswer.buyingPower is less than the order's value
24	+Benefit.RecordCardBalance	balance:Decimal(10,2)=askAnswer.balance	
25	Benefit.VerifyDocument	documentType=prompt("the income document"),verified=prompt("whether askAnswer.totalIncome corroborates the stated income"),verifiedBy=prompt("the income verification service")	
26	Case.DetermineEligibility	programId=prompt("the program the request names"),determinedBy=prompt("the benefits integration service"),result=prompt("the determination given what askAnswer.benefits already provides")	
27	+Case.AttachRetrievedDocument	documentId:UUID=askAnswer.documentId;fileName:String(1,)=askAnswer.fileName;documentUrl:String(1,500)=askAnswer.documentUrl	
28	Case.RecordIncome	income=prompt("the income askAnswer.quarterlyWages corroborate")	
29	Permit.RequestCorrections	corrections=prompt("the licence askAnswer shows lapsed or invalid"),requestedBy=prompt("the contractor licensing service")	guard=not askAnswer.isValid
30	+Permit.AttachRetrievedDocument	documentId:UUID=askAnswer.documentId;fileName:String(1,)=askAnswer.fileName;downloadUrl:String(1,500)=askAnswer.downloadUrl	
31	Permit.CalculateFees	fees=prompt("the fee schedule askAnswer.feeLineItems gives, totalling askAnswer.totalAmount")	
32	+Permit.RecordParcelInfo	parcelId:ParcelId=askAnswer.parcelId;zoningCode:String(1,20)=askAnswer.zoningCode;historicDistrict:Boolean=askAnswer.historicDistrict	
33	+Permit.RecordZoningRequirements	zoningCode:String(1,20)=askAnswer.zoningCode;maxHeight:Decimal(6,2)=askAnswer.maxHeight;maxLotCoverage:Decimal(5,2)=askAnswer.maxLotCoverage	
34	Permit.ScheduleInspection	inspectionType=prompt("the inspection the inspector was assigned for"),requestedDate=prompt("the earliest of askAnswer.slots")	
35	Incident.DispatchUnit	unitId=prompt("the nearest of askAnswer.units"),dispatchedBy=prompt("the dispatcher, on the AVL's recommendation")	
36	+Incident.RecordUnitLocation	unitId:UnitId=askAnswer.unitId;gpsLocation:GpsLocation=askAnswer.gpsLocation;timestamp:TimeStamp=askAnswer.timestamp	
37	Incident.AddNote	note=prompt("a note linking the call recording at askAnswer.recordingUrl")	
38	Incident.UpdateIncidentDetails	details=prompt("the details with askAnswer.address as the street address")	
39	Incident.UpdateIncidentDetails	details=prompt("the details with askAnswer.latitude and askAnswer.longitude as the position")	
40	Incident.UpdateIncidentDetails	details=prompt("the details with askAnswer.zoneId and askAnswer.jurisdiction as the dispatch zone")	
41	Incident.AddNote	note=prompt("a note listing the hazards in askAnswer.hazards for the responding unit")	
42	Incident.LinkIncidents	linkedIncidentId=prompt("the most recent of askAnswer.previousIncidents"),linkType=prompt("prior incident at the same location")	guard=askAnswer.totalCount is greater than zero
43	Incident.AddNote	note=prompt("a note carrying the warnings in askAnswer.warnings for the unit on scene")	
44	Report.UpdateInvolvedParty	personId=prompt("the person just added"),party=prompt("the party with the licence record askAnswer carries")	
45	Report.AddInvolvedParty	party=prompt("askAnswer.owner, the registered keeper, as an involved party")	
46	Report.AddOffense	offense=prompt("the charges in askAnswer.charges as offenses on the report")	
47	Report.UpdateInvolvedParty	personId=prompt("the person just added"),party=prompt("the party with the warrants and alerts askAnswer carries")	
48	Report.LinkToCase	caseId=prompt("the case askAnswer.caseNumber names")	guard=askAnswer.isStolen
49	Report.AddOffense	offense=prompt("the stolen or wanted vehicle offense askAnswer establishes")	guard=askAnswer.isStolen or askAnswer.isWanted
50	Report.UpdateSection	section=prompt("the section with askAnswer.content cited in it")	
51	+Report.RecordFilingDeadline	requirement:ComplianceRequirement=prompt("the requirement in askAnswer.deadlines this report answers")	
52	Report.RecordAcknowledgment	receipt=prompt("a receipt from askAnswer.filingId and askAnswer.status")	
53	+License.RecordCheckStatus	checkStatus:String(1,50)=askAnswer.checkStatus;estimatedCompletion:Date?=askAnswer.estimatedCompletion	
54	License.VerifyCredentials	credentialType=prompt("continuing education"),verified=prompt("whether askAnswer.totalCredits meets askAnswer.requiredCredits"),verificationNotes=prompt("the credits by category askAnswer lists")	
55	License.RequestAdditionalInfo	infoNeeded=prompt("a resit booking on one of askAnswer.dates"),deadline=prompt("the last of askAnswer.dates")	guard=examResultRecorded.examScore is a fail
56	+Appointment.RecordPatientContact	firstName:String(1,100)=askAnswer.firstName;lastName:String(1,100)=askAnswer.lastName;phone:String(10,15)=askAnswer.phone	
57	Appointment.RescheduleAppointment	newTime=prompt("the provider's next free time in askAnswer.schedules"),rescheduleReason=prompt("the requested time was not free"),rescheduledBy=prompt("the provider schedule service")	guard=the requested time is not free in askAnswer.schedules
58	CarePlan.AddGoal	goal=prompt("a goal for the first of askAnswer.conditions the plan does not yet address")	
59	CarePlan.AddCareTeamMember	member=prompt("the first of askAnswer.providers, as the referred specialist")	
60	Encounter.AddClinicalNote	note=prompt("a note carrying the allergies, medications and conditions in askAnswer")	
61	Admission.AssignBed	bedId=prompt("the first of askAnswer.beds"),unitId=prompt("its unit"),unitName=prompt("its unit name"),roomNumber=prompt("its room"),bedNumber=prompt("its bed number"),accommodationType=prompt("its accommodation type")	guard=askAnswer.totalAvailable is greater than zero
62	+Admission.RecordDemographics	mrn:String(1,20)=askAnswer.mrn;firstName:String(1,100)=askAnswer.firstName;lastName:String(1,100)=askAnswer.lastName;dateOfBirth:Date=askAnswer.dateOfBirth	
63	+Admission.RecordInsurance	primaryInsurance:String(1,200)=askAnswer.primaryInsurance;policyNumber:String(1,50)=askAnswer.policyNumber;verified:Boolean=askAnswer.verified	
64	LabOrder.CancelOrder	cancelledBy=prompt("the EHR, for duplication"),cancelledAt=prompt("now"),reason=prompt("an identical order is already open in askAnswer.orders")	guard=askAnswer.orders already holds an open order for the same test
65	+NurseShift.RecordPatientLocations	patients:CensusRecord*=askAnswer.patients	
66	NurseShift.AssignPatients	nurseId=shiftStarted.nurseId,patientIds=prompt("the patients in askAnswer.patients"),assignedBy=prompt("the charge nurse"),acuityScore=prompt("their combined acuity")	
67	NurseShift.CreateTask	taskId=prompt("a new task id"),patientId=prompt("the patient of the first medication in askAnswer.medications"),taskType=prompt("medication"),description=prompt("that medication"),priority=prompt("its priority"),dueTime=prompt("when it is due")	
68	NurseShift.HoldTask	taskId=taskCreated.taskId,holdReason=prompt("already administered per askAnswer.records")	guard=askAnswer.records shows the same medication already given
69	NurseShift.CreateTask	taskId=prompt("a new task id"),patientId=prompt("the patient of the first of askAnswer.orders"),taskType=prompt("its order type"),description=prompt("that order"),priority=prompt("its priority"),dueTime=prompt("when it is due")	
70	NurseShift.CreateTask	taskId=prompt("a new task id"),patientId=prompt("the patient of the first of askAnswer.orders"),taskType=prompt("its order type"),description=prompt("that order"),priority=prompt("its priority"),dueTime=prompt("when it is due")	
71	SurgicalCase.ConfirmCase	anesthesiologistId=askAnswer.anesthesiologistId,surgicalTeam=prompt("the team assigned to the case"),preferenceCard=prompt("the surgeon's preference card")	guard=askAnswer.availableSlots covers the scheduled start
72	SurgicalCase.CancelCase	cancellationReason=prompt("clearance not obtained"),cancellationDetails=askAnswer.clearanceNotes,cancelledBy=prompt("the pre-op service"),cancelledAt=prompt("now"),rescheduleRequested=prompt("true")	guard=not askAnswer.medicalClearance or not askAnswer.anesthesiaClearance
73	SurgicalCase.CancelCase	cancellationReason=prompt("instrument sets unavailable"),cancellationDetails=prompt("the sets in askAnswer.unavailable"),cancelledBy=prompt("sterile supply"),cancelledAt=prompt("now"),rescheduleRequested=prompt("true")	guard=askAnswer.unavailable is not empty and askAnswer.alternates is empty
74	Claim.PendClaim	reason=prompt("no prior authorization"),notes=prompt("what askAnswer says about the authorization")	guard=not askAnswer.authorized
75	Claim.PendClaim	reason=prompt("service not covered by the member's benefits"),notes=prompt("what askAnswer says about coverage, copay and coinsurance")	guard=not askAnswer.covered
76	Claim.DenyClaim	denialReason=prompt("member not eligible on the date of service"),explanation=prompt("the eligibility window askAnswer gives")	guard=not askAnswer.eligible
77	Claim.ApproveClaim	payment=prompt("a payment at askAnswer.allowedAmount, in or out of network per askAnswer.isInNetwork")	
78	Registration.ApplyDiscountCode	discountCode=prompt("no code: the one applied was invalid, so it is withdrawn")	guard=not askAnswer.valid
79	Registration.UpdateAttendeeInfo	attendee=prompt("the attendee with the event's date and place from askAnswer.event on the registration")	
80	Registration.TransferRegistration	newAttendee=registrationTransferred.newAttendee	guard=the transfer needs a different event among askAnswer.events
81	Registration.UnregisterFromSession	sessionId=sessionRegistered.sessionId	guard=askAnswer.spotsRemaining is zero
82	Registration.AddToWaitlist	position=prompt("the next waitlist position")	guard=not askAnswer.available and askAnswer.waitlistAvailable
83	Booking.SetCatering	catering=prompt("the package in askAnswer.packages that matches what was chosen")	
84	+Booking.RecordPrice	pricing:BookingPricing=askAnswer.pricing	
85	Booking.AddResource	resource=prompt("the first of askAnswer.resources the event needs")	
86	Booking.ChangeBookingPeriod	newPeriod=prompt("a period in which one of askAnswer.spaces is free")	guard=the requested space was not free
87	Booking.CancelBooking	reason=prompt("the space is taken by askAnswer.conflictingBookings"),cancelledBy=prompt("the space availability service")	guard=not askAnswer.available
88	CateringOrder.RemoveMenuItem	itemId=prompt("the item just added")	guard=not askAnswer.available
89	+CateringOrder.RecordItemDetails	ingredients:String(1,100)+=askAnswer.ingredients;preparationTime:Duration=askAnswer.preparationTime	
90	CateringOrder.AddMenuItem	item=prompt("the first of askAnswer.items the customer asked for"),quantity=prompt("its quantity"),specialRequests=prompt("none")	
91	CateringOrder.RecordPayment	amount=askAnswer.depositRequired,paymentMethod=prompt("the method in orderConfirmed.payment"),reference=prompt("the deposit reference")	
92	CateringOrder.AssignStaff	staffId=prompt("the first of askAnswer.staff"),role=prompt("their role")	
93	TableOrder.VoidItem	lineNumber=prompt("the line just added"),reason=prompt("item unavailable per askAnswer"),authorizedBy=prompt("the menu service")	guard=not askAnswer.available
94	TableOrder.AddItem	menuItem=prompt("the first of askAnswer.menuItems the guests chose"),quantity=prompt("its quantity"),modifications=prompt("none"),seatNumber=prompt("the seat")	
95	+TableOrder.RecordReservation	reservationId:UUID=askAnswer.reservationId;guestName:String(1,100)=askAnswer.guestName;specialRequests:String(1,500)?=askAnswer.specialRequests	
96	+TableOrder.RecordTableOptions	tables:TableInfo+=askAnswer.tables	
97	ServiceRequest.AssignStaff	assignment=prompt("the first of askAnswer.staff, assigned to the request")	
98	+Reservation.RecordLoyaltyStatus	loyaltyNumber:String(1,50)=askAnswer.loyaltyNumber;tier:String(1,50)=askAnswer.tier;points:Natural=askAnswer.points	
99	Room.AssignHousekeeper	assignment=prompt("an assignment at the position askAnswer.priorityOrder gives this room")	
100	WorkOrder.ResumeWork	roomId=prompt("the room the work order is for")	guard=askAnswer.inventoryItems holds the parts awaited
101	Room.ReportMaintenance	request=prompt("the request merged with the open work in askAnswer.workOrders on this room")	guard=askAnswer.workOrders is empty
102	Room.UpdateRoomStatus	newStatus=prompt("the status the inspection earns against askAnswer.inspectionPassRate"),statusChangeReason=prompt("inspection judged against the quality standard")	
103	Room.BlockRoom	blocking=prompt("the blocking extended to cover askAnswer.reservations that must be moved")	guard=askAnswer.reservations is not empty
104	WorkOrder.AssignWorkOrder	roomId=prompt("the room the work order is for")	guard=askAnswer.staff is not empty
105	Reservation.ModifyReservation	newStay=prompt("the stay as booked"),newRate=prompt("the rate askAnswer.tier entitles the guest to")	
106	Reservation.AssignRoom	room=prompt("the first of askAnswer.rooms")	guard=askAnswer.totalAvailable is greater than zero
107	Reservation.ChangeFlightSegment	segmentNumber=flightSegmentChanged.segmentNumber,newFlight=prompt("askAnswer.flight with its times and aircraft filled in")	guard=askAnswer.flight differs from what the segment holds
108	Reservation.ChangeFlightSegment	segmentNumber=prompt("the first segment"),newFlight=prompt("the first of askAnswer.outboundFlights that fits")	guard=the journey's segments are not yet flights
109	Reservation.ProcessPayment	paymentMethod=prompt("the passenger's method"),paymentToken=prompt("a token for askAnswer.pricing")	
110	Reservation.SelectSeat	segmentNumber=prompt("the first segment"),seat=prompt("the first of askAnswer.seats the passenger accepts")	
111	Rental.SelectInsurance	insurance=prompt("the first of askAnswer.options the customer takes")	
112	Rental.ProcessFinalCharges	charges=askAnswer.charges	
113	Rental.CreateRental	customer=rentalCreated.customer,vehicle=prompt("the first of askAnswer.vehicles"),period=rentalCreated.period	guard=rentalCreated.vehicle is not among askAnswer.vehicles
114	TourBooking.CancelBooking	reason=prompt("no places left on the departure"),requestRefund=prompt("true")	guard=not askAnswer.available
115	+TourBooking.AssignGuide	guide:GuideInfo=prompt("the first of askAnswer.guides")	
116	+TourBooking.RecordTourDetails	tour:TourInfo=askAnswer.tour	
117	+TourBooking.RecordAlternativeTours	tours:TourInfo+=askAnswer.tours	
118	+Policy.RecordProducer	agentId:UUID=askAnswer.agentId;agencyName:String(1,200)=askAnswer.agencyName;commissionRate:Decimal(5,4)=askAnswer.commissionRate	
119	Policy.ProcessRenewal	renewal=prompt("the renewal priced at askAnswer.renewalPremium")	
120	Policy.BindPolicy	paymentFrequency=prompt("the frequency askAnswer.premium is written at")	
121	Policy.SuspendPolicy	suspensionReason=prompt("underwriting declined the endorsed risk: askAnswer.decision with askAnswer.conditions")	guard=askAnswer.decision is a decline
122	ClientReport.ComposeReport	disclosures=prompt("askAnswer.disclosures"),commentary=prompt("the commentary for the period")	
123	ClientReport.CalculatePerformance	performance=prompt("the performance restated against askAnswer.totalReturn for the benchmark")	
124	ClientReport.AttachPortfolioData	holdings=prompt("the holdings priced at askAnswer.pricedAt"),transactions=prompt("the period's transactions")	
125	ClientReport.DistributeReport	deliveryMethod=prompt("the delivery method on file for askAnswer.accountId")	
126	ClientReport.AttachPortfolioData	holdings=prompt("askAnswer.holdings"),transactions=prompt("the period's transactions")	
127	ClientReport.AttachPortfolioData	holdings=prompt("the holdings already attached"),transactions=prompt("the transactions askAnswer.summary covers")	
128	Portfolio.CompareBenchmark	periodStartDate=askAnswer.periodStart,periodEndDate=askAnswer.periodEnd	guard=the comparison was made without the benchmark's own return
129	Portfolio.AnalyzeRisk	asOfDate=prompt("the date of askAnswer.asOfTime")	
130	PortfolioCompany.UpdateCompanyInfo	company=prompt("the company with askAnswer.fundId and askAnswer.fundName as the fund it is booked against")	
131	PortfolioCompany.UpdateCompanyInfo	company=prompt("the company with askAnswer.documents recorded as its constitutional papers")	
132	PortfolioCompany.UpdateValuation	valuation=prompt("the valuation restated against askAnswer.medianMultiple for askAnswer.industry")	guard=the updated valuation is outside askAnswer.lowMultiple to askAnswer.highMultiple
133	PortfolioCompany.UpdateValuation	valuation=prompt("the exit valued against askAnswer.evRevenueMultiple")	guard=the exit price differs from what askAnswer implies
134	PortfolioCompany.RecordOperationalKPIs	kpis=prompt("the KPIs derived from askAnswer.periods extended by the new figures")	
135	PortfolioCompany.OnboardCompany	companyName=companyOnboarded.companyName,fundId=askAnswer.fundId,industry=prompt("the industry"),acquisitionDate=prompt("the acquisition date"),investedCapital=prompt("the capital invested"),exitStrategy=prompt("the exit strategy")	guard=the onboarding named a fund askAnswer does not confirm
136	PortfolioCompany.RecordBoardMeeting	meeting=prompt("the meeting minuted with askAnswer.pendingFilings noted")	guard=not askAnswer.isCompliant
137	Deal.AddNote	content=prompt("what askAnswer says of the company: funding, competitors, news"),author=prompt("the company research service")	
138	Deal.AddNote	content=prompt("the founder's history in askAnswer"),author=prompt("the company research service")	
139	Deal.AddNote	content=prompt("the documents in askAnswer.documents already filed"),author=prompt("the document management service")	
140	Deal.UpdateMetrics	metrics=prompt("the metrics with askAnswer.averageValuation and askAnswer.averageRaise as comparables")	
141	Deal.UpdateMetrics	metrics=prompt("the metrics with askAnswer.totalMarketSize and askAnswer.growthRate behind the thesis")	
142	FundAccount.RecordTransaction	transaction=prompt("a reconciling entry for the difference between askAnswer.balance and the book")	guard=askAnswer.balance disagrees with the book
143	FundAccount.GenerateLpReport	reportPeriod=lpReportGenerated.reportPeriod	guard=askAnswer.filingStatus shows the period already filed
144	Fund.IssueCapitalCall	call=prompt("the call with askAnswer.fundId's account as the one to pay into")	guard=the call named no account to pay into
145	Fund.UpdateNAV	valuationDate=askAnswer.asOfDate,nav=askAnswer.nav	guard=askAnswer.nav differs from nAVUpdated.nav
146	PortfolioInvestment.AddMilestone	milestone=prompt("a milestone to clear askAnswer.pendingFilings")	guard=not askAnswer.isCompliant
147	PortfolioInvestment.MarkDown	newValuation=askAnswer.estimatedValuation,reason=prompt("market intelligence values it at askAnswer.estimatedValuation with askAnswer.confidenceLevel confidence")	guard=askAnswer.estimatedValuation differs from investmentMarkedDown.newValuation
148	PortfolioInvestment.RecordMetric	metric=prompt("the metric read against askAnswer.trendDirection in askAnswer.sector")	
149	FulfillmentOrder.UpdateShipmentStatus	currentLocation=askAnswer.currentLocation,statusUpdate=askAnswer.shipmentStatus,updatedAt=prompt("now")	
150	FulfillmentOrder.SelectCarrier	carrier=prompt("the cheapest of askAnswer.options that meets the service level")	
151	FulfillmentOrder.CancelFulfillment	reason=prompt("stock unavailable: askAnswer.unavailableItems")	guard=not askAnswer.available
152	+Return.RecordTrackingStatus	shipmentStatus:String(1,50)=askAnswer.shipmentStatus;lastLocation:String(1,200)=askAnswer.lastLocation	
153	FulfillmentOrder.PlaceOnHold	reason=prompt("stock short on the shelf: askAnswer.available against the picks")	guard=askAnswer.available is less than the picks assigned
154	FulfillmentOrder.ShipOrder	shipment=prompt("a shipment on the cheapest of askAnswer.rates")	
155	Supplier.QualifySupplier	criteria=prompt("the compliance criteria askAnswer checked"),qualifiedBy=prompt("the compliance registry")	guard=askAnswer.complianceStatus is compliant
156	Supplier.RecordPerformance	score=prompt("the score weighted by askAnswer.totalSpend over askAnswer.orderCount")	guard=the recorded score did not weigh spend
157	+InventoryItem.RecordProductInfo	productId:ProductId=askAnswer.productId;productName:String(1,200)=askAnswer.productName;sku:String(1,50)=askAnswer.sku	
158	InventoryItem.TriggerReplenishment	quantity=prompt("the shortfall the count found"),priority=prompt("normal")	guard=askAnswer.orderStatus shows nothing on order
159	Inventory.ReceiveStock	receipt=prompt("the receipt with askAnswer.barcode identifying the goods")	guard=the receipt lacked a barcode
160	Inventory.RequestReplenishment	request=prompt("a request for the shortfall, less askAnswer.expectedQuantity still on order")	guard=the count found a shortfall larger than askAnswer.expectedQuantity
161	Inventory.TransferStock	toLocation=askAnswer.recommendedLocation,quantity=prompt("the quantity received"),performedBy=prompt("the put-away team")	
162	Inventory.TransferStock	toLocation=prompt("a location with room"),quantity=stockTransferred.quantity,performedBy=prompt("the warehouse")	guard=askAnswer.availableCapacity is less than stockTransferred.quantity
163	+Inventory.RecordProductDetails	productName:String(1,200)=askAnswer.productName;sku:String(1,50)=askAnswer.sku;weight:Number=askAnswer.weight	
164	AssemblyOrder.HoldAssembly	hold=prompt("a hold for the components askAnswer shows unavailable")	guard=not askAnswer.available
165	AssemblyOrder.RecordDefect	defect=prompt("the defect classified against the code in askAnswer.codes that fits it")	guard=defectRecorded.defect carries no code
166	+AssemblyOrder.RecordInspectionPlan	checkpoints:QualityCheck+=askAnswer.checkpoints;passCriteria:String(1,500)=askAnswer.passCriteria	
167	+AssemblyOrder.RecordWorkOrderDetails	quantity:Natural=askAnswer.quantity;priority:String(1,50)=askAnswer.priority;workOrderStatus:String(1,50)=askAnswer.workOrderStatus	
168	BillOfMaterials.CalculateCost	costDate=bOMReleased.effectiveDate,includeSubassemblies=prompt("true")	
169	BillOfMaterials.UpdateItem	itemId=prompt("the item just added"),updatedItem=prompt("the item costed at askAnswer.totalCost")	
170	BillOfMaterials.ReviseBOM	newRevision=prompt("the next revision"),changeNumber=askAnswer.ecoNumber,changeDescription=askAnswer.title,revisedBy=prompt("engineering change control")	guard=the item change is not yet on a revision carrying askAnswer.ecoNumber
171	BillOfMaterials.UpdateItem	itemId=prompt("the item just added"),updatedItem=prompt("the item flagged short: askAnswer.onOrderQuantity on order, next receipt askAnswer.nextReceiptDate")	guard=not askAnswer.isAvailable
172	+BillOfMaterials.RecordBuildability	canBuild:Boolean=askAnswer.canBuild;shortComponents:ComponentId+=askAnswer.shortComponents;earliestBuildDate:Date?=askAnswer.earliestBuildDate	
173	BillOfMaterials.UpdateItem	itemId=itemUpdated.itemId,updatedItem=prompt("the item corrected to the component master in askAnswer")	guard=the updated item disagrees with askAnswer
174	+BillOfMaterials.RecordProductInfo	productType:String(1,50)=askAnswer.productType;unitOfMeasure:UnitOfMeasure=askAnswer.unitOfMeasure;productStatus:String(1,50)=askAnswer.productStatus	
175	WorkOrder.IssueMaterials	materials=prompt("the materials askAnswer.materials requires for the quantity")	
176	WorkOrder.PlaceOnHold	hold=prompt("a hold until the work centre is available at askAnswer.availableAt")	guard=askAnswer.equipmentStatus is not ready to run
177	WorkOrder.RecordQuality	quality=prompt("a quality record for the operation inspected per askAnswer.checkpoints with sample size askAnswer.sampleSize")	
178	WorkOrder.StartOperation	operationId=prompt("the first of askAnswer.operations"),operatorId=prompt("the operator at that centre")	
179	WorkOrder.ReleaseWorkOrder	schedule=prompt("a schedule fitting askAnswer.availableCapacity at the centre")	guard=askAnswer.availableCapacity covers the order
180	CNCMachine.PauseCycle	reason=prompt("preventive maintenance overdue per askAnswer"),pausedBy=prompt("the maintenance service")	guard=askAnswer.overdue
181	CNCMachine.UpdateMetrics	metrics=prompt("the run's metrics with askAnswer's control limits loaded")	
182	CNCMachine.ReportAlarm	alarm=prompt("a tool-life alarm for askAnswer.toolId with askAnswer.lifeRemaining left")	guard=askAnswer.lifeRemaining is too little for the program
183	CNCMachine.SetupMachine	tools=prompt("the tools with the offsets in askAnswer applied"),fixtures=machineSetup.fixtures,setupBy=machineSetup.setupBy	guard=the setup's offsets differ from askAnswer
184	PrecisionPart.UpdateInspectionPlan	inspectionPlan=prompt("the plan naming the program in askAnswer.programs that runs it"),reason=prompt("CMM program assigned")	guard=the plan names no CMM program
185	PrecisionPart.RecordCMMResult	cmmResult=prompt("the result annotated with askAnswer.lastCalibration and askAnswer.cmmStatus")	guard=askAnswer.cmmStatus casts doubt on the result
186	PrecisionPart.UpdateInspectionPlan	inspectionPlan=prompt("the plan written against askAnswer.standards"),reason=prompt("compliance standards applied")	
187	PrecisionPart.UpdateInspectionPlan	inspectionPlan=prompt("the plan extended with askAnswer.requiredMeasurements and askAnswer.requiredDocuments"),reason=prompt("certificate requirements applied")	
188	PrecisionPart.UpdateInspectionPlan	inspectionPlan=prompt("the plan with the gauges in askAnswer.gages replaced by ones in date"),reason=prompt("gauges due for calibration")	guard=askAnswer.gages names a gauge the plan uses
189	PrecisionPart.EvaluateTolerance	featureId=prompt("the feature measured"),evaluatedBy=prompt("the gage calibration service")	guard=askAnswer.nextCalibrationDue has passed
190	Asset.UpdateValuation	valuation=prompt("the valuation reconciled to askAnswer.currentBookValue")	guard=the valuation differs from askAnswer.currentBookValue
191	Asset.ScheduleDepreciation	schedule=prompt("a schedule starting when askAnswer.scheduledWork lets the asset enter service")	
192	Asset.RecordMaintenance	maintenance=prompt("the maintenance with askAnswer.totalCost and askAnswer.entryCount as its history")	guard=the record omitted the running cost
193	Asset.RegisterAsset	assetInfo=assetRegistered.assetInfo,financialInfo=prompt("the financial info with askAnswer.totalAmount as cost"),vendorId=askAnswer.vendorId,registeredBy=assetRegistered.registeredBy	guard=the registration's cost or vendor disagrees with askAnswer
194	Asset.TransferAsset	transfer=prompt("the transfer with askAnswer.warrantyTerms carried to the new holder")	guard=askAnswer.warrantyTerms is present
195	Batch.RecordParameter	parameter=prompt("the lot askAnswer.lotNumber and its expiry askAnswer.expirationDate for the ingredient charged")	
196	Batch.HoldBatch	hold=prompt("a hold pending the certificate: askAnswer.overallStatus")	guard=askAnswer.overallStatus is not a pass
197	Batch.StartProcessing	startedBy=batchCreated.createdBy,initialPhase=prompt("the first of askAnswer.phases")	
198	Batch.RecordParameter	parameter=prompt("the recipe version among askAnswer.versions that made the batch")	
199	Inspection.InitiateNCR	nonConformance=prompt("a non-conformance carrying the open actions in askAnswer.capas forward"),initiatedBy=inspectionCreated.requestedBy	guard=askAnswer.totalCount is greater than zero
200	Inspection.InitiateNCR	nonConformance=prompt("the non-conformance linked to the open action in askAnswer.capas"),initiatedBy=prompt("the CAPA service")	guard=askAnswer.totalCount is greater than zero and the NCR names no CAPA
201	Inspection.CollectSample	sample=prompt("a sample scheduled for askAnswer.nextAvailable")	guard=askAnswer.availableSlots is greater than zero
202	Inspection.RecordTestResult	result=prompt("the result annotated with askAnswer.methodName and askAnswer.standardReference")	guard=the result named no method
203	Inspection.CollectSample	sample=prompt("the sample labelled with askAnswer.lotNumber and askAnswer.productCode")	guard=the sample lacked its lot
204	Inspection.RejectInspection	rejectedBy=inspectionRejected.rejectedBy,reason=prompt("shares the cause with askAnswer.lots")	guard=askAnswer.lots names lots not yet rejected
205	CutOrder.GenerateMarker	marker=prompt("a marker laid on the rolls in askAnswer.rolls"),generatedBy=prompt("the planner")	guard=askAnswer.totalLength covers the order
206	CutOrder.CutFabric	cutBy=prompt("the cutter"),layersSpread=prompt("the layers the marker plans"),fabricRollIds=prompt("the rolls in askAnswer.rolls"),wastePercent=prompt("the marker's waste")	
207	CutOrder.RecordMachineBreakdown	brokenMachineId=askAnswer.machineId,breakdownReportedBy=sewingCompleted.operatorId,breakdownDescription=prompt("askAnswer.machineStatus after the run")	guard=askAnswer.machineStatus is down
208	+CutOrder.RecordSalesOrder	customerName:String(1,200)=askAnswer.customerName;requestedShipDate:Date=askAnswer.requestedShipDate;sizeBreakdown:SizeQuantity+=askAnswer.sizeBreakdown	
209	CutOrder.AssignBundle	bundleId=prompt("the first bundle"),operatorId=prompt("the operator for the first of askAnswer.operations"),assignedBy=prompt("the line supervisor")	
210	CutOrder.CancelCutOrder	reason=prompt("the style is not active"),cancelledBy=prompt("the style master")	guard=not askAnswer.active
211	CutOrder.RecordQualityCheck	inspection=prompt("an inspection of the trims against askAnswer.trims")	
212	CutOrder.CancelCutOrder	reason=prompt("trims short: askAnswer.shortages"),cancelledBy=prompt("trim inventory")	guard=not askAnswer.allAvailable
213	CutOrder.RecordQualityCheck	inspection=prompt("the trim askAnswer.trimCode checked at assignment")	
214	+FabricLot.RecordCustomerOrder	customerName:String(1,200)=askAnswer.customerName;yardsOrdered:Decimal(12,2)=askAnswer.yardsOrdered;dueDate:Date=askAnswer.dueDate	
215	FabricLot.StartDyeing	dyeFormula=prompt("askAnswer.standardFormula for askAnswer.colorCode"),technicianId=dyeingStarted.technicianId	guard=dyeingStarted.dyeFormula differs from askAnswer.standardFormula
216	FabricLot.RecordWeavingDefect	defect=prompt("a hazard note for askAnswer.chemicalName at safety class askAnswer.safetyClass")	guard=askAnswer.safetyClass demands a note on the lot
217	FabricLot.StartWarping	beamId=warpingStarted.beamId,yarnLots=warpingStarted.yarnLots,operatorId=warpingStarted.operatorId	guard=askAnswer.availablePounds is short of what the beam needs
218	AdCampaign.RecordPerformance	metric=prompt("a metric carrying askAnswer.winRate, askAnswer.averageBid and askAnswer.impressionsWon")	
219	AdCampaign.AttachCreative	creative=prompt("the creative askAnswer describes, pulled back for review")	guard=askAnswer.assetStatus is not approved
220	Advertisement.UpdateBid	bidInfo=prompt("the bid raised to at least askAnswer.requestFloorPrice")	guard=the ad's bid is below askAnswer.requestFloorPrice
221	Advertisement.RecordImpression	impression=prompt("the impression marked viewable, brand-safe and human per askAnswer")	guard=askAnswer.viewable and askAnswer.brandSafe and askAnswer.humanTraffic
222	Advertisement.UpdateTargeting	targeting=prompt("the targeting narrowed to askAnswer.segments")	guard=the targeting names a segment not in askAnswer.segments
223	MediaOrder.RecordPerformance	metrics=prompt("metrics carrying askAnswer.totalSpend, askAnswer.totalRevenue and askAnswer.returnOnAdSpend")	
224	MediaOrder.NegotiateRate	placementId=prompt("the first of askAnswer.placements"),proposedRate=prompt("its rate"),notes=prompt("what the vendor has left")	guard=askAnswer.hasCapacity
225	ConversionPath.RecordTouchpoint	touchpoint=prompt("the interaction in askAnswer.interactions the path lacks")	guard=askAnswer.interactions holds a touchpoint the path lacks
226	ConversionPath.RecordTouchpoint	touchpoint=prompt("the first of askAnswer.pageViews")	guard=askAnswer.sessionCount is greater than zero
227	AudienceSegment.PauseSegment	reason=prompt("reach askAnswer.estimatedReach at match rate askAnswer.matchRate is too small to spend on")	guard=askAnswer.estimatedReach is too small to spend on
228	AudienceSegment.FailSegmentBuild	reason=prompt("no profiles matched: askAnswer.totalMatches")	guard=askAnswer.totalMatches is zero
229	AnalyticsReport.AddChannelMetrics	metrics=prompt("the channel metrics with askAnswer's audience breakdown")	
230	AnalyticsReport.AddCampaignPerformance	performance=prompt("askAnswer's impressions, clicks, spend and conversions")	guard=the performance added disagrees with askAnswer
231	AnalyticsReport.AddAttributionResults	results=prompt("attribution over askAnswer.conversionPaths worth askAnswer.totalValue")	
232	AnalyticsReport.GenerateReport		
233	AnalyticsReport.CompleteReport	completedAt=prompt("now"),summary=prompt("the summary with askAnswer.completions and askAnswer.conversionRate closing the funnel")	guard=the summary omitted goal completions
234	AnalyticsReport.AddChannelMetrics	metrics=prompt("askAnswer.channelBreakdown as channel metrics")	
235	+AutomationWorkflow.RecordLeadProfile	leadId:LeadId=leadEnrolled.leadId;email:String(3,254)=askAnswer.email;firstName:String(3,100)=askAnswer.firstName;lastName:String(3,100)=askAnswer.lastName;leadScore:Natural=askAnswer.leadScore	
236	AutomationWorkflow.EnrollLead	leadId=prompt("the first of askAnswer.leadIds"),enrolledAt=prompt("now")	guard=askAnswer.totalCount is greater than zero
237	AutomationWorkflow.RemoveLead	leadId=askAnswer.recipientId,reason=prompt("mail never delivered")	guard=not askAnswer.delivered
238	+Field.RecordEquipmentPosition	equipmentId:UUID=askAnswer.equipmentId;latitude:Decimal(10,7)=askAnswer.latitude;longitude:Decimal(10,7)=askAnswer.longitude	
239	+Field.RecordHarvestValue	spotPrice:Decimal(8,2)=askAnswer.spotPrice;priceUnit:String(1,20)=askAnswer.priceUnit;asOf:TimeStamp=askAnswer.asOf	
240	Field.RecordIrrigation	irrigationDate=prompt("the first dry day in askAnswer.forecasts"),acreInches=prompt("what the crop needs"),method=prompt("the field's method")	guard=askAnswer.forecasts shows no rain in the days that decide the crop
241	Field.RecordScouting	report=prompt("the report annotated with the weather in askAnswer.data")	guard=the report did not note the weather
242	+FarmField.RecordHarvestValue	pricePerKg:Decimal(10,4)=askAnswer.pricePerKg;currency:String(3,3)=askAnswer.currency;asOfDate:Date=askAnswer.asOfDate	
243	FarmField.PlanHarvest	plannedDate=prompt("a date nearer askAnswer.forecastDate"),estimatedYieldKg=harvestPlanned.estimatedYieldKg	guard=askAnswer.forecastPricePerKg favours a different date
244	FarmField.CompleteIrrigation	completedAt=prompt("now"),actualVolumeLiters=prompt("zero: rain made it pointless")	guard=askAnswer.precipitationMm makes the irrigation pointless
245	FarmField.RecordSoilReading	reading=prompt("the reading annotated with askAnswer.totalPrecipitationMm")	guard=the reading did not note the rain
246	+LivestockAnimal.RecordSaleValuation	averagePrice:Decimal(10,2)=askAnswer.averagePrice;pricePerKg:Decimal(8,2)=askAnswer.pricePerKg	
247	LivestockAnimal.UpdateHealthStatus	newStatus=prompt("vaccinations current"),reason=prompt("askAnswer.vaccinations checked at the visit")	guard=askAnswer.vaccinations is complete
248	HarvestBlock.AssignContractor	contractorId=prompt("the first of askAnswer.contractors"),contractValue=prompt("the contract value")	guard=askAnswer.hasAvailability
249	HarvestBlock.RejectBlock	reason=prompt("species at risk: askAnswer.speciesAtRisk under askAnswer.restrictions")	guard=askAnswer.restrictions forbid harvest
250	TimberLog.QuarantineLog	reason=prompt("permit askAnswer.harvestPermit invalid or expired"),quarantinedBy=prompt("the regulatory system")	guard=not askAnswer.isValid
251	TimberLog.LoadForTransport	transport=prompt("transport to askAnswer.sawmillId at askAnswer.nextAvailable")	guard=askAnswer.availableSlots is greater than zero
252	+TimberLog.RecordTransportStatus	transportStatus:String(3,50)=askAnswer.transportStatus;currentLocation:String(3,200)?=askAnswer.currentLocation	
253	Stand.BeginHarvest	startDate=askAnswer.earliestStart,contractor=prompt("the contractor with a crew free")	guard=askAnswer.availableCrews is greater than zero
254	Stand.PlanRegeneration	plan=prompt("a plan for askAnswer.available seedlings of askAnswer.species delivered askAnswer.deliveryDate")	
255	Stand.RecordTimberSale	saleInfo=prompt("the sale valued at askAnswer's sawlog, pulpwood and veneer prices")	guard=the cruise volume is worth selling at askAnswer's prices
256	+ExtractionZone.RecordPermitRequirements	permitId:UUID=askAnswer.permitId;requirements:String(1,500)+=askAnswer.requirements;expirationDate:Date=askAnswer.expirationDate	
257	ExtractionZone.RecordSafetyIncident	incident=prompt("an incident for rig askAnswer.equipmentId not fit to run")	guard=askAnswer.equipmentStatus is not fit
258	ExtractionZone.SurveyZone	oreBlocks=prompt("the survey blocks reconciled to askAnswer.estimatedTonnage at askAnswer.averageGrade")	guard=the survey disagrees with askAnswer beyond its confidence
259	MineralBatch.ReconcileGrade	reconciliation=prompt("the reconciliation over every assay in askAnswer.results")	guard=the reconciliation missed an assay in askAnswer.results
260	MineralBatch.ConfirmDelivery	shipmentId=askAnswer.shipmentId,deliveredAt=askAnswer.lastUpdated,receivedTonnage=prompt("the tonnage shipped")	guard=askAnswer.deliveryStatus is delivered
261	PipelineSegment.ScheduleMaintenance	maintenance=prompt("maintenance clearing askAnswer.outstandingItems before askAnswer.nextFilingDue")	guard=not askAnswer.isCompliant
262	PipelineSegment.ReportLeakIndicator	indicator=prompt("the divergence between the recorded flow and askAnswer.readings")	guard=askAnswer.readings disagree with the recorded flow
263	Well.SubmitForPermit	regulatoryAgency=prompt("the agency for askAnswer.leaseName"),submittedAt=prompt("now")	guard=askAnswer.expirationDate has not passed
264	Well.RecordProduction	production=prompt("the production reconciled to askAnswer.flowRate")	guard=the recorded production disagrees with askAnswer.flowRate
265	AuditEngagement.SubmitWorkpaperForReview	workpaperId=workpaperAdded.workpaperId,reviewerId=prompt("the reviewer, now that askAnswer.content is attached")	
266	AuditEngagement.RecordFinding	finding=prompt("a finding that the filing askAnswer.filingId is not yet accepted")	guard=askAnswer.acceptedDate is absent
267	Engagement.ReconcileAccount	reconciliation=prompt("the reconciliation redone against askAnswer.transactions and askAnswer.balance")	guard=the reconciliation disagrees with askAnswer.balance
268	Engagement.ReviewFinancials	statementType=financialsReviewed.statementType,reviewedBy=prompt("the reviewer"),approved=prompt("whether the sources at askAnswer.downloadUrl support the numbers"),comments=prompt("what the sources showed")	guard=the review was made without its source documents
269	Engagement.PostJournalEntry	entry=prompt("the tax entry for the invoice at askAnswer.rates")	
270	+BenefitsEnrollment.RecordPlanTerms	premiumSchedule:Decimal(10,2)+=askAnswer.premiumSchedule;networkProviders:Natural=askAnswer.networkProviders	
271	+BenefitsEnrollment.RecordCompensationBasis	annualSalary:Decimal(12,2)=askAnswer.annualSalary;payFrequency:String(3,50)=askAnswer.payFrequency	
272	PayrollRun.InitiatePayroll	payPeriod=payrollInitiated.payPeriod,employeeIds=askAnswer.employees	guard=the run's roster differs from askAnswer.employees
273	PayrollRun.ApplyDeduction	employeeId=askAnswer.employeeId,deduction=prompt("the standing deduction in askAnswer.deductions")	guard=askAnswer.deductions holds a deduction the run lacks
274	PayrollRun.CalculateTaxes		guard=askAnswer.taxAmount differs from what the run withheld
275	PayrollRun.AddTimeEntry	employeeId=askAnswer.employeeId,earningsEntry=prompt("the correction to match askAnswer.totalRegularHours and askAnswer.totalOvertimeHours")	guard=the entry disagrees with the tracked hours
276	JobRequisition.RejectCandidate	candidateId=askAnswer.candidateId,reason=prompt("background check askAnswer.checkStatus")	guard=askAnswer.checkStatus is a fail
277	JobRequisition.AddCandidate	candidate=prompt("the first of askAnswer.applications")	guard=askAnswer.applications is not empty
278	Contract.AddReviewComment	comment=prompt("a comment anchoring the review to askAnswer.documentName version askAnswer.version")	
279	Contract.SubmitRedline	changes=prompt("the changes marked against version askAnswer.latestVersion")	guard=the redline was marked against an older version than askAnswer.latestVersion
280	Contract.ActivateContract	activatedAt=prompt("now")	guard=askAnswer.pendingSignatories is empty
281	LegalMatter.AddCourtDeadline	deadline=prompt("the first of askAnswer.deadlines")	guard=askAnswer.deadlines is not empty
282	LegalMatter.RecordExpense	expenseEntry=prompt("the unbilled amount askAnswer.unbilledAmount as a closing expense")	guard=askAnswer.unbilledAmount is greater than zero
283	+Pipeline.RecordArtifactLocation	artifactId:ArtifactId=askAnswer.artifactId;url:URL("https")=askAnswer.url;expiresAt:TimeStamp=askAnswer.expiresAt	
284	Incident.AssignIncidentCommander	commander=prompt("whoever askAnswer.schedule has on call"),assignedBy=prompt("the on-call schedule")	
285	Stack.ReconcileDrift	runId=prompt("a new run")	guard=askAnswer.properties differ from the plan
286	+Stack.RecordModule	moduleId:ModuleId=askAnswer.moduleId;version:String(1,50)=askAnswer.version;checksum:String(64,64)=askAnswer.checksum	
287	Stack.UpdateVariables	updatedVariables=prompt("the module pinned to askAnswer.latestVersion")	guard=the plan pins an older version than askAnswer.latestVersion
288	Stack.ApplyStack	runId=stackApplyStarted.runId,autoApprove=prompt("false")	guard=the apply has not yet authenticated with askAnswer.value
289	Stack.PlanStack	runId=stackApplyStarted.runId	guard=askAnswer.stateVersion is newer than the plan's
290	Alert.AddComment	author=prompt("the dashboard service"),comment=prompt("the dashboard askAnswer.name for the responder")	
291	Alert.AddComment	author=alertAcknowledged.acknowledgedBy,comment=prompt("the trace in askAnswer.traces that shows the failure")	
292	Alert.AddComment	author=prompt("the tracing service"),comment=prompt("the traces around the window in askAnswer")	
293	Alert.AddComment	author=alertAcknowledged.acknowledgedBy,comment=prompt("the log entries in askAnswer for the window")	
294	Alert.ExpireAlert		guard=askAnswer.dataPoints show recovery held
295	Subscription.RecordPayment	invoice=prompt("the invoice for askAnswer.usageTotalAmount over askAnswer.usageItems")	
296	Tenant.ScaleResource	resourceId=resourceScaled.resourceId,scalingPolicy=prompt("the policy corrected to askAnswer's actual utilization")	guard=askAnswer's utilization contradicts the scaling decision
297	Meter.GenerateBillingRecord	billingPeriodStart=prompt("the period's start"),billingPeriodEnd=prompt("the period's end")	guard=askAnswer.paymentStatus shows the meter's output not yet invoiced
298	Meter.AdjustUsage	metricType=prompt("the batch's metric"),adjustment=prompt("the difference between the batch and askAnswer.successCount"),reason=prompt("reconciled to ingestion"),adjustedBy=prompt("the ingestion service")	guard=askAnswer.successCount differs from batchEventsRecorded.eventCount
299	Meter.PauseMeter	reason=prompt("subscription askAnswer.subscriptionStatus is not active")	guard=askAnswer.subscriptionStatus is not active
300	AuditCase.ReconcileRecords	billingRecords=askAnswer.billingRecords,usageRecords=prompt("the usage records still to be fetched")	
301	AuditCase.EscalateCase	escalatedTo=prompt("revenue assurance lead"),reason=prompt("askAnswer.totalCount services carried but never billed")	guard=askAnswer.totalCount is greater than zero
302	AuditCase.ReconcileRecords	billingRecords=prompt("the billing records already held"),usageRecords=askAnswer.usageRecords	guard=the reconciliation was made without askAnswer.usageRecords
303	UsageRecord.ApplyRatePlan	ratePlan=askAnswer.ratePlan	
304	UsageRecord.DisputeUsageRecord	reason=prompt("mediation says askAnswer.mediationStatus, which contradicts the rejection")	guard=askAnswer.mediationStatus contradicts the rejection
305	Subscriber.SuspendService	reason=prompt("past due askAnswer.pastDueAmount"),suspendedAt=prompt("now")	guard=askAnswer.pastDueAmount is greater than zero
306	Subscriber.CreateSupportTicket	ticket=prompt("the ticket annotated with askAnswer.totalInteractions prior contacts and satisfaction askAnswer.satisfactionScore")	guard=the ticket lacked the customer's history
307	EquipmentItem.InstallEquipment	installedBy=prompt("the field team"),installedAt=prompt("when the site is ready"),updatedIpAddress=prompt("an address on the site's network per askAnswer"),hostname=prompt("a hostname per askAnswer.elements")	guard=askAnswer.elements has room for the item
308	EquipmentItem.RegisterEquipment	details=prompt("the details corrected to the catalogue entry in askAnswer.items"),vendorId=askAnswer.vendorId,purchaseOrderId=prompt("the order it came on")	guard=the received item disagrees with its catalogue entry
309	NetworkIncident.AddTimelineEntry	entry=prompt("askAnswer.recommendation, with exhaustion askAnswer.exhaustionDate")	
310	NetworkIncident.StartInvestigation	assignedTo=prompt("the NOC engineer"),diagnostics=prompt("askAnswer.metrics at askAnswer.lastPolled")	
311	ServiceOrder.FailOrder	reason=prompt("element askAnswer.elementStatus, last seen askAnswer.lastContact")	guard=askAnswer.elementStatus is down
312	ServiceOrder.DesignService	resources=prompt("a design over askAnswer.resources")	guard=askAnswer.hasCapacity
313	Vehicle.AssignDriver	driver=prompt("the first of askAnswer.drivers")	guard=askAnswer.drivers is not empty
314	Vehicle.UnassignDriver	updatedReason=prompt("safety score askAnswer.safetyScore or hours askAnswer.hoursWorked disqualify the driver")	guard=askAnswer.safetyScore or askAnswer.hoursWorked disqualifies the driver
315	+Vehicle.RecordInsuranceCover	policyNumber:String(1,50)=askAnswer.policyNumber;coverageType:String(1,100)=askAnswer.coverageType;expirationDate:Date=askAnswer.expirationDate	
316	Vehicle.ScheduleMaintenance	maintenance=prompt("the reminded maintenance booked into the first of askAnswer.slots")	guard=askAnswer.slots is not empty
317	Route.AddStop	stop=prompt("the stop with askAnswer.location as its coordinates")	guard=stopAdded.stop carried no coordinates
318	Route.ArriveAtStop	stopId=arrivedAtStop.stopId,arrivedAt=arrivedAtStop.arrivedAt,currentLocation=prompt("the position, with askAnswer.address as its street address")	guard=the arrival carried no address
319	Route.OptimizeRoute	strategy=prompt("the strategy re-run over askAnswer.segments totalling askAnswer.distance")	guard=askAnswer.distance disagrees with the optimisation's estimate
320	Route.ReorderStops	newSequence=prompt("the sequence re-cut on askAnswer.distances and askAnswer.durations")	guard=askAnswer.distances show a shorter sequence than the one chosen
321	Route.ReorderStops	newSequence=prompt("the stops re-sequenced around askAnswer.incidents")	guard=askAnswer.delayMinutes is worth re-routing for
322	Entry.RecordCBPResponse	response=prompt("a response carrying askAnswer.status and askAnswer.messages")	guard=askAnswer.status has moved since the last response recorded
323	Entry.RespondToInquiry	inquiryResponse=prompt("the response with the document attached"),supportingDocs=prompt("askAnswer.fileName")	guard=the response went without its supporting document
324	Entry.UpdateEntry	lineItems=prompt("the line items classified at askAnswer.htsCode with duty askAnswer.dutyRate")	
325	Entry.FileProtest	protestReason=prompt("the protest argued from ruling askAnswer.rulingNumber"),requestedRelief=prompt("reclassification to askAnswer.htsCode")	guard=askAnswer.rulingNumber is present and the protest did not cite it
326	Entry.UpdateEntry	lineItems=prompt("the line items claiming askAnswer.preferentialRate under the agreement")	guard=askAnswer.eligible
327	Entry.AttachDocument	document=prompt("the certificate reissued in askAnswer.certificateFormat with askAnswer.requiredFields")	guard=the attached document lacks a field in askAnswer.requiredFields
328	Shipment.BookCarrier	booking=prompt("a booking on the first of askAnswer.flights that can take the freight")	guard=askAnswer.flights is not empty
329	Shipment.RecordMilestone	milestone=askAnswer.lastEvent	guard=askAnswer.lastEvent is not yet recorded
330	Shipment.BookCarrier	booking=prompt("a booking on the first of askAnswer.sailings that fits the route")	guard=askAnswer.sailings is not empty
331	Shipment.AttachQuote	quote=prompt("the cheapest of askAnswer.quotes for the containers assigned")	
332	Move.ScheduleDestinationDray	carrier=destinationDrayScheduled.carrier,scheduledDate=prompt("a date when askAnswer.poolName has a chassis"),appointmentTime=prompt("the pool's next slot")	guard=askAnswer.available is zero
333	+Move.RecordRate	charges:MoveCharges=askAnswer.charges;transitDays:Natural=askAnswer.transitDays;expirationDate:Date=askAnswer.expirationDate	
334	Move.AssignToTrain	trainId=prompt("the first train in askAnswer.trainSchedule with space"),trainSymbol=prompt("its symbol"),carNumber=prompt("the car"),carPosition=prompt("the position")	guard=askAnswer.spaceAvailable
335	PortCall.AssignPilot	portCallId=berthRequested.request.portCallId,pilotage=prompt("the first of askAnswer.pilots free for the window")	guard=askAnswer.pilots is not empty
336	PortCall.CompleteCargoOperations	portCallId=cargoOperationsStarted.portCallId,completion=prompt("operations halted: only askAnswer.availableCapacity in the yard")	guard=askAnswer.availableCapacity is short of what comes off
337	PortCall.OrderTugs	portCallId=vesselArrived.portCallId,tugs=prompt("the tugs in askAnswer.availableTugs the vessel needs")	guard=askAnswer.availableTugs is not empty
338	PortCall.ConfirmBerthAssignment	portCallId=berthRequested.request.portCallId,assignment=prompt("the berth assignment timed from askAnswer.position and askAnswer.speed")	
339	Vessel.UpdatePosition	position=prompt("the AIS position in askAnswer, which is the confirmed one")	guard=askAnswer.position disagrees with the reported position
340	Vessel.SubmitBunkerReport	report=prompt("a bunker report requesting fuel at askAnswer.pricePerTon for askAnswer.earliestDelivery")	guard=askAnswer.available and the vessel needs fuel
341	Voyage.UpdateVoyage	details=prompt("the voyage's details with askAnswer's charter terms and hire rate")	
342	Vessel.AddCertificate	certificate=prompt("the certificate in askAnswer.certificates the society actually issued")	guard=askAnswer.certificates carries the renewal the vessel lacks
343	Vessel.AddCrewMember	crew=prompt("the first of askAnswer.availableCrew the voyage needs")	guard=askAnswer.availableCrew is not empty
344	Voyage.UpdateVoyage	details=prompt("the voyage routed around askAnswer.warnings")	guard=askAnswer.warnings is not empty
345	Voyage.UpdateVoyage	details=prompt("the voyage's first days replanned against askAnswer.forecasts")	guard=askAnswer.warnings is not empty
346	Ride.AssignDriver	driver=prompt("the first of askAnswer.drivers"),etaMinutes=prompt("the matching entry of askAnswer.driverEtaMinutes")	guard=askAnswer.drivers is not empty
347	Ride.RequestRide	rider=rideRequested.rider,pickup=rideRequested.pickup,dropoff=rideRequested.dropoff,vehicleType=rideRequested.vehicleType,fareEstimate=askAnswer.fareEstimate	guard=rideRequested.fareEstimate differs from askAnswer.fareEstimate
348	Ride.ProcessPayment	payment=prompt("a payment for askAnswer.fare")	
349	Ride.DriverEnRoute	driverLocation=driverIsEnRoute.driverLocation	guard=the rider has not yet been shown askAnswer.etaMinutes
350	Ride.UpdateLocation	location=prompt("the first of askAnswer.waypoints")	
351	Vehicle.AssignTrip	trip=tripAssigned.trip	guard=the vehicle is not among askAnswer.vehicles running
352	+Vehicle.RecordTripFares	tripId:UUID=tripCompleted.tripId;totalFares:Decimal(10,2)=askAnswer.totalFares;fareCount:Natural=askAnswer.fareCount	
353	Vehicle.PullFromService	reason=prompt("askAnswer.openWorkOrders open work orders or inspection due askAnswer.safetyInspectionDue")	guard=askAnswer.openWorkOrders is greater than zero or askAnswer.safetyInspectionDue has passed
354	Vehicle.RecordStopEvent	stopEvent=prompt("the stop event with its lateness against askAnswer.stops")	guard=the stop event carried no scheduled time
355	Vehicle.AssignTrip	trip=prompt("the trip in askAnswer.trips this assignment corresponds to")	guard=tripAssigned.trip is not in askAnswer.trips
356	GridSection.RecordLoad	load=prompt("the load priced at askAnswer.lmpPrice")	
357	GridSection.UpdateOutageStatus	outageId=serviceRestored.outageId,status=prompt("askAnswer.status"),notes=prompt("askAnswer.crewsAssigned crews still assigned, ETR askAnswer.etr")	guard=askAnswer.status is not restored
358	GridSection.RecordLoad	load=askAnswer.load	guard=askAnswer.switchStatus contradicts the switching order
359	OutageEvent.DispatchCrew	assignment=prompt("the first of askAnswer.crews, arriving in askAnswer.estimatedArrival")	guard=askAnswer.crews is not empty
360	OutageEvent.ConfirmOutage	confirmedBy=prompt("SCADA"),cause=prompt("feeder askAnswer.feederStatus at askAnswer.voltage volts")	guard=askAnswer.feederStatus confirms the outage
361	District.IsolateSection	sectionId=prompt("the section askAnswer.stationId feeds"),reason=prompt("leak located by pressure drop from askAnswer.inletPressure to askAnswer.outletPressure"),isolatedAt=prompt("now")	guard=askAnswer shows a pressure drop that locates the leak
362	BillingAccount.GenerateBill	usage=usageCalculated.usage,rateSchedule=prompt("the schedule at askAnswer.wholesaleRate")	
363	BillingAccount.SubmitMeterReading	reading=prompt("the reading in askAnswer.readings the bill missed")	guard=askAnswer.hasGaps
364	Meter.UpdateCommunication	communicationStatus=prompt("offline since askAnswer.lastContact, signal askAnswer.signalStrength")	guard=not askAnswer.online
365	Meter.RecordReading	reading=prompt("the reading replaced by askAnswer.estimatedValue")	guard=not askAnswer.valid and askAnswer.estimatedValue is present
366	+WaterSystem.RecordComplianceRequirements	regulatoryBody:String(3,200)=askAnswer.regulatoryBody;requirements:String(3,500)+=askAnswer.requirements;dueDate:Date=askAnswer.dueDate	
367	WaterSystem.UpdatePressure	reading=prompt("the first of askAnswer.readings")	
